Cég ID,Cégnév,1998,1999,2000,2001,2002,2003,2004,2005,2006,2007,2008,2009,
90043,Absolut Media Szolgáltató és Kereskedelmi Korlátolt Felelősségű Társaság,"8600 Siófok, Új piac tér 5.","8600 Siófok, Új piac tér 5.","8600 Siófok, Új piac tér 5.","8600 Siófok, Új piac tér 5.","1021 Budapest, Bölöni Gy u 14. 1. em. 4.","1025 Budapest, Kapy út 25.","1026 Budapest, Pasaréti út 52/b.","1026 Budapest, Pasaréti út 52/b.","1026 Budapest, Pasaréti út 52/b.","1026 Budapest, Pasaréti út 52/b.","1022 Budapest, Alsó Törökvész út 9.","1022 Budapest, Alsó Törökvész út 9.",
90054,ADOC-SEMIC Kiadói és Nyomdai Kft.,"1106 Budapest, Fehér 10.","1106 Budapest, Fehér 10.","1106 Budapest, Fehér 10.","1106 Budapest, Fehér 10.","1106 Budapest, Fehér 10.","1106 Budapest, Fehér 10.","1106 Budapest, Fehér 10.","1106 Budapest, Fehér 10.","1106 Budapest, Fehér 10.","1106 Budapest, Fehér 10.","1106 Budapest, Fehér 10.","1106 Budapest, Fehér 10.",
90057,Advenio Műsorszolgáltató Zártkörűen Működő Részvénytársaság,,,,,,,,,,,,"1089 Budapest, Üllői út 102.",
90167,Agro TV-ATV Zrt.,"1134 Budapest, Klapka u 13.","1134 Budapest, Klapka u 13.","1134 Budapest, Klapka u 13.","1134 Budapest, Klapka u 13.","1134 Budapest, Klapka u 13.","1113 Budapest, Daróci utca 82.","1113 Budapest, Daróci utca 82.","1113 Budapest, Daróci utca 82.","1102 Budapest, Kőrösi Csoma Sándor út 19.","1102 Budapest, Kőrösi Csoma Sándor út 19.","1102 Budapest, Kőrösi Csoma Sándor út 19.","1102 Budapest, Kőrösi Csoma Sándor út 31.",
199001,ALFA Televízió Korlátolt Felelősségű Társaság,"1145 Budapest, Róna u. 174.","1145 Budapest, Róna u. 174.",,,,,,,,,,,
199002,ALFÖLDI HIRDETÉSI LAPOK Lapkiadó és Hírlapkereskedelmi Korlátolt Felelősségű Társaság,,,,"6720 Szeged, Stefánia út 10.","6720 Szeged, Stefánia út 10.","6720 Szeged, Stefánia út 10.","6720 Szeged, Stefánia út 10.","6720 Szeged, Stefánia út 10.",,,,,
90156,Artamondó Kft.,"2093 Budajenő, Petőfi utca 8.","2093 Budajenő, Petőfi utca 8.","2093 Budajenő, Petőfi utca 8.","2093 Budajenő, Petőfi utca 8.","1062 Budapest, Andrássy út 124.","1062 Budapest, Andrássy út 124.","1062 Budapest, Andrássy út 124.","1087 Budapest, Százados út 3-13. 10. ép. 18.","1087 Budapest, Százados út 3-13. 10. ép. 18.","1087 Budapest, Százados út 3-13. 10. ép. 18.","1087 Budapest, Százados út 3-13. 10. ép. 18.","1087 Budapest, Százados út 3-13. 10. ép. 18.",
90171,Autó News Kft.,"1142 Budapest, Dorozsmai u. 74.","1142 Budapest, Dorozsmai u. 74.","1142 Budapest, Dorozsmai u. 74.","1142 Budapest, Dorozsmai u. 74.","1142 Budapest, Dorozsmai u. 74.","1142 Budapest, Dorozsmai u. 74.","1142 Budapest, Dorozsmai u. 74.","1142 Budapest, Dorozsmai u. 74.","1142 Budapest, Dorozsmai u. 74.","1142 Budapest, Dorozsmai u. 74.","1142 Budapest, Dorozsmai u. 74.","1142 Budapest, Dorozsmai u. 74.",
90181,Axel Springer- Magyarország Korlátolt Felelősségű Társaság,"2800 Tatabánya, Felszabadulás tér 4.","2800 Tatabánya, Felszabadulás tér 4.","2800 Tatabánya, Fő tér 4.","2800 Tatabánya, Fő tér 4.","2800 Tatabánya, Fő tér 4.","2800 Tatabánya, Fő tér 4.","2800 Tatabánya, Fő tér 4.","2800 Tatabánya, Fő tér 4.","2800 Tatabánya, Fő tér 4.","2800 Tatabánya, Fő tér 4.","2800 Tatabánya, Fő tér 4.","2800 Tatabánya, Fő tér 4.",
90180,AXEL SPRINGER-BUDAPEST KIADÓI Kft,"1122 Budapest, Városmajor u. 11.","1122 Budapest, Városmajor u. 11.","1122 Budapest, Városmajor u. 11.","1122 Budapest, Városmajor u. 11.","1122 Budapest, Városmajor u. 11.","1122 Budapest, Városmajor u. 11.","1122 Budapest, Városmajor u. 11.","1122 Budapest, Városmajor u. 11.","1122 Budapest, Városmajor u. 11.","1122 Budapest, Városmajor u. 11.","1122 Budapest, Városmajor u. 11.","1122 Budapest, Városmajor u. 11.",
98205,AXN Magyaroszág Szolgáltató Korlátolt Felelősségű Társaság,,,,,,"1117 Budapest, Irinyi J út 4-20.","1117 Budapest, Irinyi J út 4-20.","1117 Budapest, Irinyi J út 4-20.","1117 Budapest, Irinyi J út 4-20.","1117 Budapest, Irinyi J út 4-20.","1117 Budapest, Irinyi J út 4-20.","1117 Budapest, Irinyi J út 4-20.",
90206,Baja Marketing Bajai Kommunikációs és Marketing Korlátolt Felelősségű Társaság,,,,,,,,,,"6500 Baja (hrsz.880/A/11.), Szentháromság tér 11.","6500 Baja (hrsz.880/A/11.), Szentháromság tér 11.","6500 Baja (hrsz.880/A/11.), Szentháromság tér 11.",
92292,BAR-ZAL Lap-és Könyvkiadó Korlátolt Felelősségű Társaság,,"7623 Pécs, Bajcsy-Zs u 35.","7623 Pécs, Bajcsy-Zs u 35.","7621 Pécs, Rákóczi utca 55.","7621 Pécs, Rákóczi utca 55.","7621 Pécs, Rákóczi utca 55.","7621 Pécs, Rákóczi utca 55.","7621 Pécs, Rákóczi utca 55.","7621 Pécs, Rákóczi utca 55.","7621 Pécs, Rákóczi utca 55.","7621 Pécs, Rákóczi utca 55.","7621 Pécs, Rákóczi út 11.",
199003,B-média Szolgáltató és Kereskedelmi Korlátolt Felelősségű Társaság,,,,,,"1124 Budapest, Meredek utca 27.","1124 Budapest, Meredek utca 27.","1124 Budapest, Meredek utca 27.","1124 Budapest, Meredek utca 27.","1124 Budapest, Meredek utca 27.","1124 Budapest, Meredek utca 27.","1124 Budapest, Meredek utca 27.",
199004,Bp. Piac Rt.,"1088 Budapest, Múzeum u. 9.","1088 Budapest, Múzeum u. 9.","1088 Budapest, Múzeum u. 9.","1088 Budapest, Múzeum u. 9.","1088 Budapest, Múzeum u. 9.","1148 Budapest, Kerepesi út 52.","1148 Budapest, Kerepesi út 52.","1148 Budapest, Kerepesi út 52.","1148 Budapest, Kerepesi út 52.","1148 Budapest, Kerepesi út 52.","1148 Budapest, Kerepesi út 52.","1148 Budapest, Kerepesi út 52.",
90339,"Budai Polgár Kiadó, Tájékoztató és Kulturális Közhasznú Nonprofit Korlátolt Felelősségű Társaság",,,,,,,,,,,,"1022 Budapest, Bimbó út 1-5.",
199005,Buda-Pest Európa Televízió Zrt.,,,,,,,,,,,,"1085 Budapest, Orczy út 44-46/B.",
90350,Budapest Magazines Kiadó Korlátolt Felelősségű Társaság,"1077 Budapest, Wesselényi u. 4. III/16.","1077 Budapest, Wesselényi u. 4. III/16.","1077 Budapest, Wesselényi u. 4. III/16.","1077 Budapest, Wesselényi u. 4. III/16.","1077 Budapest, Wesselényi u. 4. III/16.","1088 Budapest, Bródy Sándor utca 9. 1. em. 15.","1088 Budapest, Bródy Sándor utca 9. 1. em. 15.","1014 Budapest, Tárnok utca 3.","1014 Budapest, Tárnok utca 3.","1014 Budapest, Tárnok utca 3.","1014 Budapest, Tárnok utca 3.","1014 Budapest, Tárnok utca 3.",
199006,Budapest Piac Marketing Kft.,,,,,,,"1148 Budapest, Kerepesi út 52.","1148 Budapest, Kerepesi út 52.","1148 Budapest, Kerepesi út 52.","1148 Budapest, Kerepesi út 52.","1148 Budapest, Kerepesi út 52.","1148 Budapest, Kerepesi út 52.",
199007,Busz Marketing Korlátolt Felelősségű Társaság,,,,,,,,,,,"1148 Budapest, Kerepesi út 52.","1141 Budapest, Szugló utca 82.",
199008,Cash-Flow Kiadó Kft,"1025 Budapest, Özgida u. 15.","1025 Budapest, Özgida u. 15.","1025 Budapest, Özgida u. 15.","1025 Budapest, Özgida u. 15.","1025 Budapest, ózsefhegyi utca 28-30. A/3.","1025 Budapest, ózsefhegyi utca 28-30. A/3.","1025 Budapest, ózsefhegyi utca 28-30. A/3.","1025 Budapest, ózsefhegyi utca 28-30. A/3.","1025 Budapest, Vérhalom u 12-16. A. ép. 16.","1061 Budapest, Paulay Ede utca 15. III. em. 16.","1066 Budapest, Zichy Jenő utca 40. fszt. 1.","1064 Budapest, Izabella utca 70. 3. em. 1.",
90417,Chello Central Europe Műsorszolgáltató Zártkörűen Működő Részvénytársaság,,,,,,,,,"1139 Budapest, Lomb u 23-27.","1139 Budapest, Lomb u 23-27.","1139 Budapest, Lomb u 23-27.","1139 Budapest, Lomb u 23-27.",
90439,COMEDY CENTRAL MAGYARORSZÁG Zártkörűen Működő Részvénytársaság,,,,,,,,,,,"1113 Budapest, Bocskai út 134-146.","1113 Budapest, Bocskai út 134-146.",
199009,CSONGRÁD MEGYEI PIACZ Kereskedelmi és Szolgáltató Korlátolt Felelősségű Társaság,"6720 Szeged, Stefánia 10.","6720 Szeged, Stefánia 10.",,,,,,,,,,,
199010,Déli Hírlap Korlátolt Felelősségű Társaság,"3530 Miskolc, Széchenyi u. 107.","3530 Miskolc, Széchenyi u. 107.","3530 Miskolc, Széchenyi u. 107.","3530 Miskolc, Széchenyi u. 107.","3530 Miskolc, Széchenyi u. 107.","3530 Miskolc, Széchenyi u. 107.","3530 Miskolc, Széchenyi u. 107.","3530 Miskolc, Széchenyi u. 107.","3530 Miskolc, Széchenyi u. 107.","3530 Miskolc, Széchenyi u. 107.","3530 Miskolc, Széchenyi u. 107.",,
199011,"DÉLMAGYARORSZÁG Könyv-, Lapkiadó és Nyomdaipari Korlátolt Felelősségű Társaság","6740 Szeged, Stefánia 10.","6740 Szeged, Stefánia 10.","9022 Győr, Újlak út 4. A. ép.",,,,,,,,,,
199012,DIÉTA Magazin Kiadó és Kulturális Szolgáltató Korlátolt Felelősségű Társaság,"1088 Budapest, Múzeum u. 9.","1088 Budapest, Múzeum u. 9.","1088 Budapest, Múzeum u. 9.","1221 Budapest, Ady Endre u. 147.","1221 Budapest, Ady Endre u. 147.","1221 Budapest, Ady Endre u. 147.","1221 Budapest, Ady Endre u. 147.","1221 Budapest, Ady Endre u. 147.","1221 Budapest, Ady Endre u. 147.","1221 Budapest, Ady Endre u. 147.","1221 Budapest, Ady Endre u. 147.",,
199013,DIGITÁLFOTÓ Lapkiadó és Kereskedelmi Korlátolt Felelősségű Társaság,,,,"1051 Budapest, Szerb utca 17-19.","1051 Budapest, Szerb utca 17-19.","1051 Budapest, Szerb utca 17-19.","1051 Budapest, Szerb utca 17-19.","1051 Budapest, Szerb utca 17-19.","1051 Budapest, Szerb utca 17-19.","1051 Budapest, Szerb utca 17-19.","1051 Budapest, Szerb utca 17-19.",,
98206,Discovery Hungary Média Szolgáltató Korlátolt Felelősségű Társaság,,,,,,,,,"1072 Budapest, Rákóczi út 42.","1072 Budapest, Rákóczi út 42.","1072 Budapest, Rákóczi út 42.","1133 Budapest, Váci út 76.",
199014,DL-AMS Média Korlátolt Felelősségű Társaság,"1137 Budapest, Szent István park 17.","1118 Budapest, Citadella sétány","1024 Budapest, Lövőház u 8-10.","1024 Budapest, Lövőház u 8-10.","1024 Budapest, Lövőház u 2-6.","1024 Budapest, Lövőház u 2-6.","1024 Budapest, Lövőház u 2-6.","1024 Budapest, Lövőház u 2-6.","1024 Budapest, Lövőház u 2-6.","1024 Budapest, Lövőház u 2-6.","1024 Budapest, Lövőház u 2-6.","1024 Budapest, Lövőház u 2-6.",
90598,Domino TV Műsorszolgáltató Zártkörűen Működő Részvénytársaság,,,,,,,,,"1238 Budapest, Helsinki út 105.","1065 Budapest, Nagymező u. 3.","1065 Budapest, Nagymező u. 3.","1065 Budapest, Nagymező u. 3.",
199016,DUNA MÉDIA Korlátolt Felelősségű Társaság,,,,,,,,"1118 Budapest, Regős köz 5. 3. em. 16.","1118 Budapest, Regős köz 5. 3. em. 16.","4030 Debrecen, Vágóhíd utca 3/A.","4030 Debrecen, Vágóhíd utca 3/A.","4030 Debrecen, Vágóhíd utca 3/A.",
90621,Duna Televízió Rt.,"1016 Budapest, Mészáros u. 48-54.","1016 Budapest, Mészáros u 48.","1016 Budapest, Mészáros u 48.","1016 Budapest, Mészáros u 48.","1016 Budapest, Mészáros u 48.","1016 Budapest, Mészáros u 48.","1016 Budapest, Mészáros u 48.","1016 Budapest, Mészáros u 48.","1016 Budapest, Mészáros u 48.","1016 Budapest, Mészáros u 48.","1016 Budapest, Mészáros u 48.","1016 Budapest, Mészáros u 48.",
90648,"Echo Hungária TV Televíziózási, Kommunikációs és Szolgáltató Rt.",,,,,,,,"1145 Budapest, Törökőr u. 78.","1145 Budapest, Törökőr u. 78.","1145 Budapest, Törökőr u. 78.","1145 Budapest, Törökőr u. 78.","1145 Budapest, Törökőr u. 78.",
90653,Editorial Vagyonkezelő és Tanácsadó Korlátolt Felelősségű Társaság,,,,,"1087 Budapest, Könyves Kálmán krt 76.","1087 Budapest, Könyves Kálmán krt 76.","1087 Budapest, Könyves Kálmán krt 76.","1087 Budapest, Könyves Kálmán krt 76.","1087 Budapest, Könyves Kálmán krt 76.","1087 Budapest, Könyves Kálmán krt 76.","1087 Budapest, Könyves Kálmán krt 76.","1087 Budapest, Könyves Kálmán krt 76.",
90772,EHÍR Esztergomi Hirdető Korlátolt Felelősségű Társaság,,,,,,,,,"2500 Esztergom, Deák Ferenc utca 4.","2500 Esztergom, Deák Ferenc utca 4.","2500 Esztergom, Deák Ferenc utca 4.","2500 Esztergom, Deák Ferenc utca 4.",
199017,EKH Egyesült Kiadói Holding Korlátolt Felelősségű Társaság,"1022 Budapest, Törökvész út 30/a.","1022 Budapest, Törökvész út 30/a.","1037 Budapest, Bokor u 15-19.","1037 Budapest, Bokor u 15-19.",,,,,,,,,
199018,Erasmus Press Kiadói Korlátolt Felelősségű Társaság,"1037 Budapest, Bokor u. 15-19.","1037 Budapest, Bokor u. 15-19.","1037 Budapest, Bokor u. 15-19.","1037 Budapest, Bokor u. 15-19.","1037 Budapest, Bokor u. 15-19.","1037 Budapest, Bokor u. 15-19.","1037 Budapest, Bokor u. 15-19.","1037 Budapest, Bokor u. 15-19.",,,,,
92461,EST RÁDIÓ Tömegkommunikációs és Kultúrális Szolgáltató Korlátolt Felelősségű Társaság,,"1145 Budapest, Mexikói út 28. B. ép.","1036 Budapest, Lajos u 78. 5. em.","1036 Budapest, Lajos u 78. 5. em.","1036 Budapest, Lajos u 78. 5. em.","1064 Budapest, Vörösmarty utca 67.","1064 Budapest, Vörösmarty utca 67.","1064 Budapest, Vörösmarty utca 67.","1064 Budapest, Vörösmarty utca 67.","1025 Budapest, Csévi utca 7/b.","1025 Budapest, Csévi utca 7/b.","1025 Budapest, Csévi utca 7/b.",
92534,Euroinvest Kommunikácios Korlátolt Felelősségű Társaság,"1118 Budapest, Citadella sétány 1.","1016 Budapest, Lisznyai u 38.","1016 Budapest, Lisznyai u 38.","1016 Budapest, Lisznyai u 38.","1016 Budapest, Lisznyai u 38.","1016 Budapest, Lisznyai u 38.","1138 Budapest, Váci út 141.","1138 Budapest, Váci út 141.","1138 Budapest, Váci út 141.","2092 Budakeszi, Ady Endre u 2.","1016 Budapest, Naphegy tér 8.","1016 Budapest, Naphegy tér 8.",
90782,EUROMÉDIA KIADÓ Lapkiadó és Reklámügynökség Korlátolt Felelősségű Társaság,,,,,,,,,"1125 Budapest, Diósárok utca 26/B.","1125 Budapest, Diósárok utca 26/B.","1125 Budapest, Diósárok utca 26/B.","1125 Budapest, Diósárok utca 26/B.",
199019,EURO-PEGAZUS HUNGARY Kereskedelmi és Szolgáltató Kft.,"6724 Szeged, Csemegi u. 4.","6724 Szeged, Csemegi u. 4.","6724 Szeged, Teréz u. 30.","6724 Szeged, Teréz u. 30.","6724 Szeged, Teréz u. 30.","6724 Szeged, Teréz u. 30.","6724 Szeged, Teréz u. 30.","6724 Szeged, Teréz u. 30.","6724 Szeged, Teréz u. 30.","6724 Szeged, Teréz u. 30.","6724 Szeged, Teréz u. 30.","6724 Szeged, Teréz u. 30.",
90804,Expressz Magyarország Zrt.,,,"1146 Budapest, Erzsébet királyné útja 1/c.","1146 Budapest, Erzsébet királyné útja 1/c.","1146 Budapest, Erzsébet királyné útja 1/c.","1146 Budapest, Erzsébet királyné útja 1/c.","1146 Budapest, Erzsébet királyné útja 1/c.","1131 Budapest, Babér u. 7.","1131 Budapest, Babér u. 7.","1131 Budapest, Babér u. 7.","1131 Budapest, Babér u. 7.","1131 Budapest, Babér u. 7.",
199020,FAIR SYSTEM Kiállitásszervező és Ügynöki Korlátolt Felelősségű Társaság,"3529 Miskolc, Aulich L. u. l.1/2.",,,,,,,,,,,,
199021,Fejér Megyei Hírlap Kiadó Korlátolt Felelősségű Társaság,"8000 Székesfehérvár, Honvéd u. 8.","8000 Székesfehérvár, Honvéd u. 8.","8000 Székesfehérvár, Honvéd u. 8.","8000 Székesfehérvár, Honvéd u. 8.","8000 Székesfehérvár, Honvéd u. 8.","8000 Székesfehérvár, Honvéd u. 8.","8000 Székesfehérvár, Honvéd u. 8.","8000 Székesfehérvár, Honvéd u. 8.","8000 Székesfehérvár, Honvéd u. 8.","8000 Székesfehérvár, Honvéd u. 8.","8000 Székesfehérvár, Honvéd u. 8.",,
199022,Figyelő Kiadói Részvénytársaság,"1054 Budapest, Alkotmány u. 10.","1054 Budapest, Alkotmány u. 10.",,,,,,,,,,,
90866,Filmmúzeum Műsorszolgáltató Zártkörűen Működő Részvénytársaság,,,,,,,,,,,"1139 Budapest, Lomb utca 23-27.","1139 Budapest, Lomb utca 23-27.",
199023,Filmmúzeum Rt.,,,"1036 Budapest, Nagyszombat u 1.","1036 Budapest, Nagyszombat u 1.","1036 Budapest, Nagyszombat u 1.","1033 Budapest, Hajógyári-sziget 307. ép.","1035 Budapest, Raktár utca 25.","1035 Budapest, Raktár utca 25.","1035 Budapest, Raktár utca 25.","1035 Budapest, Raktár utca 25.","1139 Budapest, Lomb u 23-27.",,
90878,FM1 Kommunikációs és Kulturális Zártkörűen Működő Részvénytársaság,,,,,,,,,,,,"1036 Budapest, Lajos utca 74-76.",
199024,FRENK Reklám és Kiadó Korlátolt Felelősségű Társaság,,,"2112 Veresegyház, Baragödör u 9.","2112 Veresegyház, Baragödör u 9.","2112 Veresegyház, Baragödör u 9.","2112 Veresegyház, Baragödör u 9.","2112 Veresegyház, Baragödör u 9.","2112 Veresegyház, Baragödör u 9.","2112 Veresegyház, Baragödör u 9.","2112 Veresegyház, Baragödör u 9.","2112 Veresegyház, Baragödör u 9.","2112 Veresegyház, Baragödör u 9.",
98178,Geo Sales & Promo Korlátolt Felelősségű Társaság,,,,,"1125 Budapest, Istenhegyi út 59-61.","1125 Budapest, Istenhegyi út 59-61.","1125 Budapest, Istenhegyi út 59-61.","1125 Budapest, Istenhegyi út 59-61.","1125 Budapest, Istenhegyi út 59-61.","1036 Budapest, Lajos utca 48-66.","1036 Budapest, Lajos utca 48-66.","1036 Budapest, Lajos utca 48-66.",
199025,GEOHOLDING Vállalkozási Részvénytársaság,"1037 Budapest, Bojtár u.66.","1037 Budapest, Bojtár u.66.","1037 Budapest, Bojtár u.66.","1022 Budapest, Bég u 3-5.","1125 Budapest, Istenhegyi út 59-61.","1125 Budapest, Istenhegyi út 59-61.","1125 Budapest, Istenhegyi út 59-61.","1125 Budapest, Istenhegyi út 59-61.","1125 Budapest, Istenhegyi út 59-61.","1036 Budapest, Lajos utca 48-66.","1036 Budapest, Lajos utca 48-66.","1036 Budapest, Lajos utca 48-66.",
90939,Geomédia Kiadói Részvénytársaság,"1037 Budapest, Bojtár u. 64.","1037 Budapest, Bojtár u. 64.","1037 Budapest, Bojtár u. 64.","1037 Budapest, Bojtár u. 64.","1037 Budapest, Bojtár u. 64.","1055 Budapest, Balassi Bálint u 7.","1055 Budapest, Balassi Bálint u 7.","1055 Budapest, Balassi Bálint u 7.","1125 Budapest, Istenhegyi út 59-61.","1053 Budapest, Egyetem tér 5. 4. em. 20.","1053 Budapest, Egyetem tér 5. 4. em. 20.","4100 Berettyóújfalu, Bajcsy Zsilinszky utca 10.",
90938,Geomédia Kiadói Zártkörűen Működő Részvénytársaság,,,,,,,,,,"1036 Budapest, Lajos utca 48-66.","1036 Budapest, Lajos utca 48-66.","1036 Budapest, Lajos utca 48-66.",
199026,GLÓBUSZ INFÓ Utazási Iroda Korlátolt Felelősségű Társaság Kft.,"3530 Miskolc, Szemere u. 20.","3530 Miskolc, Szemere u. 20.","3530 Miskolc, Szemere u. 20.","3530 Miskolc, Szemere u. 20.","3530 Miskolc, Szemere u. 20.","3530 Miskolc, Szemere u. 20.","3530 Miskolc, Szemere u. 20.","3530 Miskolc, Szemere u. 20.","3530 Miskolc, Szemere u. 20.","3530 Miskolc, Szemere u. 20.","3530 Miskolc, Szemere u. 20.","1065 Budapest, Nagymező utca 33. 5. em. 1.",
90955,"GONG RÁDIÓ Információs, Kereskedelmi és Szolgáltató Korlátolt Felelősségű Társaság","6000 Kecskemét, Deák Ferenc tér l.","6000 Kecskemét, Petőfi S u 1/b.","6000 Kecskemét, Petőfi S u 1/b.","6000 Kecskemét, Petőfi S u 1/b.","6000 Kecskemét, Petőfi S u 1/b.","6000 Kecskemét, Petőfi S u 1/b.","6000 Kecskemét, Petőfi S u 1/b.","6000 Kecskemét, Petőfi S u 1/b.","6000 Kecskemét, Petőfi S u 1/b.","6000 Kecskemét, Petőfi S u 1/b.","6000 Kecskemét, Petőfi S u 1/b.","6000 Kecskemét, Petőfi S u 1/b.",
90964,"G-PUBLISHING Lapkiadó, Szolgáltató és Kereskedelmi Korlátolt Felelősségű Társaság",,,,,,,"1061 Budapest, Andrássy út 20.","1061 Budapest, Andrássy út 20.","1061 Budapest, Andrássy út 20.","1061 Budapest, Andrássy út 20.","1055 Budapest, Falk Miska utca 3. 2. em. 5.","1055 Budapest, Falk Miska utca 3. 2. em. 5.",
97348,Gulipán 93 Kereskedelmi és Szolgáltató Betéti Társaság,"6723 Szeged, Lugas u. 2. VIII.em.31.","6722 Szeged, Kossuth Lajos sgt 31. B. lház. 1. em. 4.","6722 Szeged, Kossuth Lajos sgt 31. B. lház. 1. em. 4.","6722 Szeged, Kossuth Lajos sgt 31. B. lház. 1. em. 4.","6722 Szeged, Kossuth Lajos sgt 31. B. lház. 1. em. 4.","6722 Szeged, Béke u 2/B.","6722 Szeged, Béke u 2/B.","6722 Szeged, Béke u 2/B.","6722 Szeged, Béke u 2/B.","6722 Szeged, Béke u 2/B.","6722 Szeged, Béke u 2/B.","6722 Szeged, Béke u 2/B.",
199027,Győri Innovációs és Marketing Centrum Kft.,"9023 Győr, Corvin u.9.","9023 Győr, Corvin u.9.","9027 Győr, Gesztenyefa utca 4.","9027 Győr, Gesztenyefa utca 4.","9027 Győr, Gesztenyefa utca 4.","9027 Győr, Gesztenyefa utca 4.","9027 Győr, Gesztenyefa utca 4.","9027 Győr, Gesztenyefa utca 4.","9027 Győr, Gesztenyefa utca 4.","9027 Győr, Gesztenyefa utca 4.","9027 Győr, Gesztenyefa utca 4.",,
199028,H + P Szuperinfó Hirdetésszervező és Szolgáltató Korlátolt Felelősségű Társaság,"1173 Budapest, Pesti u. 8.","1173 Budapest, Pesti u. 8.","1173 Budapest, Pesti u. 8.","1173 Budapest, Pesti u. 8.","1173 Budapest, Pesti u. 8.","1173 Budapest, Pesti u. 8.","1173 Budapest, Pesti u. 8.","1214 Budapest, Erdősor u 38.","1214 Budapest, Erdősor u 38.","1214 Budapest, Erdősor u 38.","1214 Budapest, Erdősor u 38.",,
91029,Hálózatos Televíziók Rt.,,"1082 Budapest, Kisfaludy u 38.","1082 Budapest, Kisfaludy u 38.","1082 Budapest, Kisfaludy u 38.","1115 Budapest, Bartók Béla út 152. 1. ép.","1115 Budapest, Bartók Béla út 152. 1. ép.","1115 Budapest, Bartók Béla út 152. 1. ép.","1115 Budapest, Bartók Béla út 152. 1. ép.","1115 Budapest, Bartók Béla út 152. 1. ép.","1115 Budapest, Bartók Béla út 152. 1. ép.","1115 Budapest, Bartók Béla út 152. 1. ép.","1115 Budapest, Bartók Béla út 152. 1. ép.",
91040,Haszon Lapkiadó Korlátolt Felelősségű Társaság,,,,,,"1055 Budapest, Falk Miksa utca 3. 2. em. 5.","1036 Budapest, Bécsi út 53-55.","1036 Budapest, Bécsi út 53-55.","1036 Budapest, Bécsi út 53-55.","1036 Budapest, Bécsi út 57-59.","1036 Budapest, Bécsi út 57-59.","1036 Budapest, Bécsi út 57-59.",
91051,Hearst Sanoma Budapest Kiadói Korlátolt Felelősségű Társaság,"1037 Budapest, Bokor u. 15-19.","1037 Budapest, Bokor u. 15-19.","1037 Budapest, Bokor u. 15-19.","1037 Budapest, Bokor u. 15-19.","1037 Budapest, Bokor u. 15-19.","1037 Budapest, Bokor u. 15-19.","1037 Budapest, Bokor u. 15-19.","1037 Budapest, Bokor u. 15-19.","1037 Budapest, Montevideo u. 9.","1037 Budapest, Montevideo u. 9.","1037 Budapest, Montevideo u. 9.","1037 Budapest, Montevideo u. 9.",
97854,Helikon Infó Informatikai és Szolgáltató Korlátolt Felelősségű Társaság,,,,,,,,,"8315 Gyenesdiás, Kisfaludy utca 4.","8315 Gyenesdiás, Kisfaludy utca 4.","8315 Gyenesdiás, Kisfaludy utca 4.","8315 Gyenesdiás, Kisfaludy utca 4.",
199029,Heti Szó Plusz Kiadó és Szolgáltató Betéti Társaság,"4431 Nyiregyháza-Sóstó, Mackó u.32.","4431 Nyiregyháza-Sóstó, Mackó u.32.","4431 Nyiregyháza-Sóstó, Mackó u.32.","4431 Nyiregyháza-Sóstó, Mackó u.32.","4431 Nyiregyháza-Sóstó, Mackó u.32.","4431 Nyiregyháza-Sóstó, Mackó u.32.","4431 Nyiregyháza-Sóstó, Mackó u.32.","4431 Nyiregyháza-Sóstó, Mackó u.32.","4400 Nyíregyháza, Széchenyi u 2. 2. em. 204.","4400 Nyíregyháza, Széchenyi u 2. 2. em. 204.","4400 Nyíregyháza, Eötvös utca 8.","4400 Nyíregyháza, Eötvös utca 8.",
91084,Heti Válasz Lap- és Könyvkiadó Szolgáltató Korlátolt Felelősségű Társaság,,,,"1062 Budapest, Andrássy út 125.","1062 Budapest, Andrássy út 125.","1062 Budapest, Andrássy út 125.","1065 Budapest, Bajcsy-Zsilinszky út 37.","1065 Budapest, Bajcsy-Zsilinszky út 37.","1027 Budapest, Horvát utca 14-24. V. em.","1027 Budapest, Horvát utca 14-24. V. em.","1027 Budapest, Horvát utca 14-24. V. em.","1027 Budapest, Horvát utca 14-24. V. em.",
93546,Heti Világgazdaság Kiadói Zártkörűen Működő Részvénytársaság,"1037 Budapest, Bokor u 23-25.","1037 Budapest, Bokor u 23-25.","1037 Budapest, Bokor u 23-25.","1037 Budapest, Bokor u 23-25.","1037 Budapest, Montevideo utca 14.","1037 Budapest, Montevideo utca 14.","1037 Budapest, Montevideo utca 14.","1037 Budapest, Montevideo utca 14.","1037 Budapest, Montevideo utca 14.","1037 Budapest, Montevideo utca 14.","1037 Budapest, Montevideo utca 14.","1037 Budapest, Montevideo utca 14.",
199030,HÍD Rádió Műsorkészítő és Sugárzó Korlátolt Felelősségű Társaság,"1016 Budapest, Naphegy tér 8.","1016 Budapest, Naphegy tér 8.",,,,,,,,,,,
91092,Híd Rádió Műsorkészítő és Sugárzó Zártkörűen Működő Részvénytársaság,,,"1016 Budapest, Naphegy tér 8.","1016 Budapest, Naphegy tér 8.","1149 Budapest, Róna u 120-122.","1149 Budapest, Róna u 120-122.","1149 Budapest, Róna u 120-122.","1149 Budapest, Róna u 120-122.","1149 Budapest, Róna u 120-122.","1149 Budapest, Róna u 120-122.","1149 Budapest, Róna u 120-122.","1149 Budapest, Róna u 120-122.",
91112,Hír Televízió Rt.,,,,,"1033 Budapest, Szentendrei út 89-93.","1033 Budapest, Szentendrei út 89-93.","1033 Budapest, Szentendrei út 89-93.","1033 Budapest, Szentendrei út 89-93.","1033 Budapest, Szentendrei út 89-93.","1033 Budapest, Szentendrei út 89-93.","1033 Budapest, Szentendrei út 89-93.","1033 Budapest, Szentendrei út 89-93.",
199031,"HÍR-NÉV 2000 Gyártó, Kereskedelmi és Szolgáltató Betéti Társaság","5000 Szolnok, Vidra u. 22.","5000 Szolnok, Vidra u. 22.","5000 Szolnok, Vidra u. 22.","5000 Szolnok, Vidra u. 22.","5000 Szolnok, Vidra u. 22.","5000 Szolnok, Vidra u. 22.","5000 Szolnok, Vidra u. 22.","5000 Szolnok, Vidra u. 22.","5000 Szolnok, Vidra u. 22.","5000 Szolnok, Vidra u. 22.","5000 Szolnok, Vidra u. 22.","5000 Szolnok, Vidra u. 22.",
199032,Hungarian Broadcasting Corporation Televíziós Rt,"1118 Budapest, Kelenhegyi út 39.","1118 Budapest, Kelenhegyi út 39.","1118 Budapest, Kelenhegyi út 39.","1118 Budapest, Kelenhegyi út 39.","1118 Budapest, Kelenhegyi út 39.","1118 Budapest, Kelenhegyi út 39.","1118 Budapest, Kelenhegyi út 39.","1118 Budapest, Kelenhegyi út 39.",,,,,
91149,HVG ONLINE Internetes Fejlesztő Kereskedelmi Szolgáltató és Tanácsadó Zártkörűen Működő Részvénytársaság,,,,"1037 Budapest, Bokor u 23-25.","1037 Budapest, Montevideo utca 14.","1037 Budapest, Montevideo utca 14.","1037 Budapest, Montevideo utca 14.","1037 Budapest, Montevideo utca 14.","1037 Budapest, Montevideo utca 14.","1037 Budapest, Montevideo utca 14.","1037 Budapest, Montevideo utca 14.","1037 Budapest, Montevideo utca 14.",
91168,IKO Kábeltévé Kft.,,,,,,"1119 Budapest, Petzvál József u 44.","1119 Budapest, Petzvál József u 44.","1222 Budapest, Nagytétényi út 29.","1222 Budapest, Nagytétényi út 29.","1222 Budapest, Nagytétényi út 29.","1222 Budapest, Nagytétényi út 29.","1222 Budapest, Nagytétényi út 29.",
91177,IMPRESS-RÉGIÓ Kiadó és Szolgáltató Korlátolt Felelősségű Társaság,"1039 Budapest, Igló u. 48.","1039 Budapest, Igló u. 48.","1039 Budapest, Igló u. 48.","1039 Budapest, Igló u. 48.","1039 Budapest, Igló u. 48.","1039 Budapest, Igló u. 48.","1039 Budapest, Igló u. 48.","1039 Budapest, Igló u. 48.","1039 Budapest, Igló u. 48.","1039 Budapest, Igló u. 48.","1052 Budapest, Váci utca 18. IV. em. 2-3.","1052 Budapest, Váci utca 18. IV. em. 2-3.",
91183,INFO-24. TV Televíziós Zártkörűen Müködő Részvénytársaság,,,,,,,,,,,"2045 Törökbálint, Kastély u. 82.","2045 Törökbálint, Kastély u. 82.",
199033,INFOPRESS 91 Kereskedelmi és Szolgáltató Betéti Társaság,,"4220 Hajdúböszörmény, Mester utca 21.","4220 Hajdúböszörmény, Mester utca 21.","4220 Hajdúböszörmény, Mester utca 21.","4220 Hajdúböszörmény, Mester utca 21.","4220 Hajdúböszörmény, Mester utca 21.","4220 Hajdúböszörmény, Mester utca 21.","4031 Debrecen, Balmazújvárosi út 11.","4031 Debrecen, Balmazújvárosi út 11.","4031 Debrecen, Balmazújvárosi út 11.",,,
91186,Inforádió Műsorszolgáltató Korlátolt Felelősségű Társaság,"1011 Budapest, Fő 12","1011 Budapest, Fő 12","1088 Budapest, Múzeum u. 9.","1088 Budapest, Múzeum u. 9.","1088 Budapest, Múzeum u. 9.","1088 Budapest, Múzeum u. 9.","1088 Budapest, Múzeum u. 9.","1088 Budapest, Múzeum u. 9.","1088 Budapest, Múzeum u. 9.","1088 Budapest, Múzeum u. 9.","1088 Budapest, Múzeum u. 9.","1033 Budapest, Polgár utca 8-10.",
93346,"INFORM MÉDIA Lapkiadó, Információs és Kulturális Korlátolt Felelősségű Társaság",,,,,"4031 Debrecen, Balmazújvárosi út 11.","4031 Debrecen, Balmazújvárosi út 11.","4031 Debrecen, Balmazújvárosi út 11.","4031 Debrecen, Balmazújvárosi út 11.","4031 Debrecen, Balmazújvárosi út 11.","4031 Debrecen, Balmazújvárosi út 11.","4031 Debrecen, Balmazújvárosi út 11.","4031 Debrecen, Balmazújvárosi út 11.",
91917,SZUPERINFÓ-KELET Hirdető és Lapterjesztő Korlátolt Felelősségű Társaság,,,,,,,,,,,,"4031 Debrecen, Balmazújvárosi út 11.",
96100,"Krekk-Info Reklám, Terjesztési és Szolgáltató Nonprofit Korlátolt Felelősségű Társaság",,,,,,,,,,,,"4031 Debrecen, Balmazújvárosi út 11.",
199034,INN-PRESS Lapkiadó Betéti Társaság,"1039 Budapest, Igló u.48.","1039 Budapest, Igló u.48.","1039 Budapest, Igló u.48.","1039 Budapest, Igló u.48.","1039 Budapest, Igló u.48.","1039 Budapest, Igló u.48.","1039 Budapest, Igló u.48.","1052 Budapest, Váci u 18. 1. em. 3.","1052 Budapest, Váci u 18. 1. em. 3.",,,,
91195,INSZOL Győri Vagyongazdálkodó és Szolgáltató Zrt.,"9024 Győr, Orgona u. 10.","9024 Győr, Orgona u. 10.","9024 Győr, Orgona u. 10.","9024 Győr, Orgona u. 10.","9024 Győr, Orgona u. 10.","9024 Győr, Orgona u. 10.","9024 Győr, Orgona u. 10.","9024 Győr, Orgona u. 10.","9024 Győr, Orgona u. 10.","9024 Győr, Orgona u. 10.","9024 Győr, Orgona u. 10.","9024 Győr, Orgona u. 10.",
91206,IQ PRESS Lapkiadó Korlátolt Felelősségü Társaság,,"1029 Budapest, Báthory L u 12.","1029 Budapest, Báthory L u 12.","1029 Budapest, Báthory L u 12.","1029 Budapest, Báthory L u 12.","1029 Budapest, Báthory L u 12.","1029 Budapest, Báthory L u 12.","1036 Budapest, Lajos u 74-76.","1037 Budapest, Montevideo u. 9.","1037 Budapest, Montevideo u. 9.","1037 Budapest, Montevideo u. 9.","1036 Budapest, Lajos utca 74-76. 04. em.",
199035,IRÁNYÁR LAPOK Kiadói és Nyomdaipari Korlátolt Felelősségű Társaság,"6000 Kecskemét, Petőfi Sándor u. 11.","6000 Kecskemét, Petőfi Sándor u. 11.","6000 Kecskemét, Petőfi Sándor u. 11.","6000 Kecskemét, Petőfi Sándor u. 11.","6000 Kecskemét, Petőfi Sándor u. 11.",,,,,,,,
199036,Írisz TV Rt,"1021 Budapest, Hűvösvölgyi út 64.","1021 Budapest, Hűvösvölgyi út 64.","1021 Budapest, Hűvösvölgyi út 64.","1021 Budapest, Hűvösvölgyi út 64.","1021 Budapest, Hűvösvölgyi út 64.","1077 Budapest, Wesselényi utca 16/A.","1077 Budapest, Wesselényi utca 16/A.","1077 Budapest, Wesselényi utca 16/A.",,,,,
91208,Irodalom Lap és Könyvkiadó Kulturális Szolgáltató Korlátolt Felelőségű Társaság,"1089 Budapest, Rezső tér u. 15. sz.","1089 Budapest, Rezső tér u. 15. sz.","1089 Budapest, Rezső tér u. 15. sz.","1089 Budapest, Rezső tér u. 15. sz.","1089 Budapest, Rezső tér u. 15. sz.","1089 Budapest, Rezső tér u. 15. sz.","1089 Budapest, Rezső tér u. 15. sz.","1089 Budapest, Rezső tér u. 15. sz.","1089 Budapest, Rezső tér u. 15. sz.","1089 Budapest, Rezső tér u. 15. sz.","1089 Budapest, Rezső tér u. 15. sz.","1089 Budapest, Rezső tér u. 15. sz.",
199037,Kamarapressz Kiadó és Szolgáltató Közhasznú Társaság,"1016 Budapest, Krisztina krt. 99. sz.","1016 Budapest, Krisztina krt. 99. sz.","1016 Budapest, Krisztina krt. 99. sz.","1022 Budapest, Bég u 3-5.","1022 Budapest, Bég u 3-5.","1021 Budapest, Hűvösvölgyi út 54. 3. ép. 3. em.","1055 Budapest, Kossuth Lajos tér 6-8. 5. em. 530.","1055 Budapest, Kossuth Lajos tér 6-8. 5. em. 530.","1055 Budapest, Kossuth Lajos tér 6-8. 5. em. 530.","1055 Budapest, Kossuth Lajos tér 6-8. 5. em. 530.","1055 Budapest, Kossuth Lajos tér 6-8. 5. em. 530.",,
91304,Kapos Extra Bt.,"7400 Kaposvár, Fő u.45.","7400 Kaposvár, Fő u.45.","7400 Kaposvár, Fő u.45.","7400 Kaposvár, Fő u.45.","7400 Kaposvár, Fő u.45.",,,,,,,,
199038,Keleti Hirdető és Szolgáltató Kft.,"4400 Nyíregyháza, Zrínyi u. 8-10.","4002 Debrecen, Balmazújvárosi út 11.","4002 Debrecen, Balmazújvárosi út 11.",,,,,,,,,,
199039,Kelet-Magyarország Lapkiadó Korlátolt Felelősségű Társaság,"4401 Nyíregyháza, Zrínyi Ilona ut 3-5.",,,,,,,,,,,,
91401,Klubrádió Rt.,,,,,,,,"1037 Budapest, Bokor u 1-3-5.","1037 Budapest, Bokor u 1-3-5.","1037 Budapest, Bokor u 1-3-5.","1037 Budapest, Bokor u 1-3-5.","1037 Budapest, Bokor u 1-3-5.",
199040,Klubrádió Szolgáltató Kft.,"1024 Budapest, Rómer Flóris u. 4/a. sz.","1024 Budapest, Rómer Flóris u. 4/a. sz.","1024 Budapest, Rómer Flóris u. 4/a. sz.","1024 Budapest, Rómer Flóris u. 4/a. sz.","1037 Budapest, Bokor u 1-3-5.","1037 Budapest, Bokor u 1-3-5.","1037 Budapest, Bokor u 1-3-5.",,,,,,
95902,Komáromi Nyomda és Kiadó Korlátolt Felelősségű Társaság,"2901 Komárom, Igmándi u. 1.","2901 Komárom, Igmándi u. 1.","2901 Komárom, Igmándi u. 1.","2901 Komárom, Igmándi u. 1.","2901 Komárom, Igmándi u. 1.","2901 Komárom, Igmándi u. 1.","2901 Komárom, Igmándi u. 1.","2901 Komárom, Igmándi u. 1.","2901 Komárom, Igmándi u. 1.","2901 Komárom, Igmándi u. 1.","2901 Komárom, Igmándi u. 1.","2901 Komárom, Igmándi u. 1.",
199041,Kósiker Kft.,,,,"7761 Kozármisleny, József A u 6.","7761 Kozármisleny, József A u 6.","7761 Kozármisleny, József A u 6.","7761 Kozármisleny, József A u 6.","7761 Kozármisleny, József A u 6.","7761 Kozármisleny, József A u 6.","7761 Kozármisleny, József A u 6.","7761 Kozármisleny, József A u 6.","7761 Kozármisleny, József A u 6.",
199042,Körösi Napvilág Korlátolt Felelősségű Társaság,"5600 Békéscsaba, Árpád sor 18.","5600 Békéscsaba, Teleki utca 6.","5600 Békéscsaba, Teleki utca 6.","5600 Békéscsaba, Tessedik u 51.","5600 Békéscsaba, Tessedik u 51.","5600 Békéscsaba, Tessedik u 51.","5600 Békéscsaba, Tessedik u 51.",,,,,,
91459,Közép-Dunántúli Napló Kiadói Betéti Társaság,,,,,,,,,,,,"8200 Veszprém, Almádi út 3.",
91541,LÁNCHÍD RÁDIÓ Műsorszolgáltató Korlátolt Felelősségű Társaság,,,,,,,,,"1089 Budapest, Üllői út 102.","1089 Budapest, Üllői út 102.","1089 Budapest, Üllői út 102.","1089 Budapest, Üllői út 102.",
91548,Lapcom Lapkiadó és Nyomdaipari Korlátolt Felelősségü Társaság,"9021 Győr, Ujlak u. 4/a.","9021 Győr, Ujlak u. 4/a.","9021 Győr, Ujlak u. 4/a.","9021 Győr, Ujlak u. 4/a.","9021 Győr, Ujlak u. 4/a.","9021 Győr, Ujlak u. 4/a.","9021 Győr, Ujlak u. 4/a.","9021 Győr, Ujlak u. 4/a.","9021 Győr, Ujlak u. 4/a.","9021 Győr, Ujlak u. 4/a.","9021 Győr, Ujlak u. 4/a.","9021 Győr, Ujlak u. 4/a.",
91587,LOGOD Kereskedelmi és Szolgáltató B.T.,"1012 Budapest, Logodi u. 49.","1012 Budapest, Logodi u. 49.","1012 Budapest, Logodi u. 49.","1012 Budapest, Logodi u. 49.","1012 Budapest, Logodi u. 49.","1012 Budapest, Logodi u. 49.","1012 Budapest, Logodi u. 49.","1012 Budapest, Logodi u. 49.","1012 Budapest, Logodi u. 49.","1012 Budapest, Logodi u. 49.","1012 Budapest, Logodi u. 49.","1012 Budapest, Logodi u. 49.",
91661,Magyar Hírlap Kiadói Korlátolt Felelősségű Társaság,,,,,,,"1106 Budapest, Fehér út 10.","1145 Budapest, Thököly út 105-107.","1145 Budapest, Thököly út 105-107.","1145 Budapest, Thököly út 105-107.","1145 Budapest, Thököly út 105-107.","1145 Budapest, Thököly út 105-107.",
199043,MAGYAR HIRLAP KÖNYV- ÉS LAPKIADÓ RÉSZVÉNYTÁRSASÁG,"Budapest, VIII. Kerepesi út 29/b.","1145 Budapest, Szugló u 14.","1145 Budapest, Szugló u 14.","1145 Budapest, Szugló u 14.","1145 Budapest, Szugló u 14.",,,,,,,,
91719,Magyar Rádió Részvénytársaság,"1088 Budapest, Bródy S. u. 5-7.","1088 Budapest, Bródy S. u. 5-7.","1088 Budapest, Bródy S. u. 5-7.","1088 Budapest, Bródy S. u. 5-7.","1088 Budapest, Bródy S. u. 5-7.","1088 Budapest, Bródy S. u. 5-7.","1088 Budapest, Bródy S. u. 5-7.","1088 Budapest, Bródy S. u. 5-7.","1088 Budapest, Bródy S. u. 5-7.","1088 Budapest, Bródy S. u. 5-7.","1088 Budapest, Bródy S. u. 5-7.","1088 Budapest, Bródy S. u. 5-7.",
91738,Magyar Televízió Rt.,"1054 Budapest, Szabadság tér 17.","1054 Budapest, Szabadság tér 17.","1054 Budapest, Szabadság tér 17.","1054 Budapest, Szabadság tér 17.","1054 Budapest, Szabadság tér 17.","1054 Budapest, Szabadság tér 17.","1054 Budapest, Szabadság tér 17.","1054 Budapest, Szabadság tér 17.","1054 Budapest, Szabadság tér 17.","1054 Budapest, Szabadság tér 17.","1054 Budapest, Szabadság tér 17.","1037 Budapest, Kunigunda útja 64.",
91753,Magyarnarancs.hu Lapkiadó Korlátolt Felelősségű Társaság,"1115 Budapest, Ballagi Mór utca 3.","1115 Budapest, Ballagi Mór utca 3.","1115 Budapest, Ballagi Mór utca 3.","1115 Budapest, Ballagi Mór utca 3.","1106 Budapest, Fehér út 10. 8. ép. 1. em.","1106 Budapest, Fehér út 10. 8. ép. 1. em.","1106 Budapest, Fehér út 10. 8. ép. 1. em.","1106 Budapest, Fehér út 10. 8. ép. 1. em.","1106 Budapest, Fehér út 10. 8. ép. 1. em.","1016 Budapest, Naphegy tér 8. 3. em. 328.","1016 Budapest, Naphegy tér 8. 3. em. 328.","1016 Budapest, Naphegy tér 8. 3. em. 328.",
199044,Mahir Kiadó Korlátolt Felelősségű Társaság,"1074 Budapest, Hársfa u 40.","1074 Budapest, Hársfa u 40.","1074 Budapest, Hársfa u 40.","1074 Budapest, Hársfa u 40.","1074 Budapest, Hársfa u 40.","1074 Budapest, Hársfa u 40.",,,,,,,
199045,manager magazin Budapest Kiadó Korlátolt Felelősségű Társaság,,,,,,"1116 Budapest, Építész u. 26.","1116 Budapest, Építész u. 26.","1116 Budapest, Építész u. 26.","1033 Budapest, Hajógyári sziget 307.","1033 Budapest, Hajógyári sziget 307.","1033 Budapest, Hajógyári sziget 307.",,
91798,Maraton Lapcsoport-Multivizió Kiadói Korlátolt Felelősségű Társaság,"8900 Zalaegerszeg, Ady u. 60.","8900 Zalaegerszeg, Ady u. 60.","8900 Zalaegerszeg, Ady u. 60.","8900 Zalaegerszeg, Ady u. 60.","8900 Zalaegerszeg, Ady u. 60.","8200 Veszprém, Házgyári út 12.","8200 Veszprém, Házgyári út 12.","8200 Veszprém, Házgyári út 12.","8200 Veszprém, Házgyári út 12.","8200 Veszprém, Házgyári út 12.","8200 Veszprém, Házgyári út 12.","8200 Veszprém, Házgyári út 12.",
91813,Marquard Média Magyarország Kiadó Korlátolt Felelősségű Társaság,"1033 Budapest, Hajógyári-sziget 213.","1033 Budapest, Hajógyári-sziget 213.","1033 Budapest, Hajógyári-sziget 213.","1033 Budapest, Hajógyári-sziget 213.","1033 Budapest, Hajógyári-sziget 213.","1033 Budapest, Hajógyári-sziget 213.","1033 Budapest, Hajógyári-sziget 213.","1033 Budapest, Hajógyári-sziget 213.","1033 Budapest, Hajógyári-sziget 213.","1033 Budapest, Hajógyári-sziget 213.","1033 Budapest, Hajógyári-sziget 213.","1033 Budapest, Hajógyári-sziget 213.",
96342,Második Produkció Kft.,"2083 Solymár, Magas u. 134.","1037 Budapest, Kunigunda u 26.","3066 Bokor, Béke út 37.","3066 Bokor, Béke út 37.","3066 Bokor, Béke út 37.","3066 Bokor, Béke út 37.","3066 Bokor, Béke út 37.","3066 Bokor, Béke út 37.","3066 Bokor, Béke út 37.","3066 Bokor, Béke út 37.","3066 Bokor, Béke út 37.","3066 Bokor, Béke út 37.",
91842,Média 11. Tömegkommunikációs és Szolgáltató Korlátolt Felelősségű Társaság,"1118 Budapest, Kaptárkő u 12.","1113 Budapest, Villányi út 20. A. ép.","1113 Budapest, Villányi út 20. A. ép.","1113 Budapest, Villányi út 20. A. ép.","1113 Budapest, Villányi út 20. A. ép.","1114 Budapest, Szent Gellért tér 3.","1114 Budapest, Szent Gellért tér 3.","1114 Budapest, Szent Gellért tér 3.","1114 Budapest, Szent Gellért tér 3.","1114 Budapest, Szent Gellért tér 3.","1114 Budapest, Szent Gellért tér 3.","1114 Budapest, Szent Gellért tér 3.",
199046,MIHÍR 2004 Miskolci Hirdető Korlátolt Felelősségű Társaság,,,,,,,"3433 Nyékládháza, Rózsa út 15.","3530 Miskolc, Szemere u. 20.","4031 Debrecen, Balmazújvárosi út 11.","4031 Debrecen, Balmazújvárosi út 11.",,,
91920,MIKOM Miskolci Kommunikációs Nonprofit Korlátolt Felelősségű Társaság,,,,,,,,,,,"3525 Miskolc, Kis-Hunyad u 9.","3525 Miskolc, Kis-Hunyad u 9.",
199047,M-Invest 2000 Ingatlankezelő Korlátolt Felelősségű Társaság,"1097 Budapest, Gubacsi út 19.","1097 Budapest, Ecseri út 14-16.","1097 Budapest, Ecseri út 14-16.","1097 Budapest, Ecseri út 14-16.","1097 Budapest, Ecseri út 14-16.","2081 Piliscsaba, Szent László u 73.","2081 Piliscsaba, Szent László u 73.","4033 Debrecen, Árpa utca 10/B.","4033 Debrecen, Árpa utca 10/B.","4033 Debrecen, Árpa utca 10/B.","4033 Debrecen, Árpa utca 10/B.","4033 Debrecen, Árpa utca 10/B.",
199048,Miskolci Kommunikációs Kht.,,,,,,,,,,,"3525 Miskolc, Kis-Hunyad u 9.","3525 Miskolc, Kis-Hunyad u 9.",
91679,MKIK Szolgáltató Nonprofit Korlátolt Felelősségű Társaság,,,,,,,,,,,,"1055 Budapest, Kossuth Lajos tér 6-8.",
199049,M-MEDIEN GROUP Kultúrális Szolgáltató Korlátolt Felelősségű Társaság,"1124 Budapest, Vércse u. 2/C. sz.","1097 Budapest, Ecseri út 14-16.","1097 Budapest, Ecseri út 14-16.","1097 Budapest, Ecseri út 14-16.","1097 Budapest, Ecseri út 14-16.","4029 Debrecen, Eötvös u 37. fszt. 1.","4029 Debrecen, Eötvös u 37. fszt. 1.","4029 Debrecen, Eötvös u 37. fszt. 1.","4029 Debrecen, Eötvös u 37. fszt. 1.","4029 Debrecen, Eötvös u 37. fszt. 1.","4029 Debrecen, Eötvös u 37. fszt. 1.",,
91935,MOBIL-EXPO Kereskedelmi Korlátolt Felelősségü Társaság,"9400 Sopron, Bánfalvi u.6.","9400 Sopron, Bánfalvi u.6.","9400 Sopron, Istvánbíró u 8. b. ép.","9400 Sopron, Istvánbíró u 8. b. ép.","9400 Sopron, Istvánbíró u 8. b. ép.","9400 Sopron, Istvánbíró u 8. b. ép.","9400 Sopron, Istvánbíró u 8. b. ép.","9400 Sopron, Istvánbíró u 8. b. ép.","9021 Győr, Újlak u 4. a. ép.","9021 Győr, Újlak u 4. a. ép.","9021 Győr, Újlak u 4. a. ép.","9021 Győr, Újlak u 4. a. ép.",
91722,M-RTL Rt,"1122 Budapest, Krisztina krt. 6-8.","1119 Budapest, Fehérvári út 84/a.","1119 Budapest, Fehérvári út 84/a.","1119 Budapest, Fehérvári út 84/a.","1119 Budapest, Fehérvári út 84/a.","1119 Budapest, Fehérvári út 84/a.","1119 Budapest, Fehérvári út 84/a.","1119 Budapest, Fehérvári út 84/a.","1222 Budapest, Nagytétényi út 29.","1222 Budapest, Nagytétényi út 29.","1222 Budapest, Nagytétényi út 29.","1222 Budapest, Nagytétényi út 29.",
91998,MTG Metro Gratis Kereskedelmi és Szolgáltató Korlátolt Felelősségű Társaság,"1106 Budapest, Fehér u. 10.","1106 Budapest, Fehér u. 10.","1106 Budapest, Fehér u. 10.","1106 Budapest, Fehér u. 10.","1106 Budapest, Fehér u. 10.","1106 Budapest, Fehér u. 10.","1106 Budapest, Fehér u. 10.","1106 Budapest, Fehér u. 10.","1134 Budapest, Tüzér utca 39-41. 2. em.","1134 Budapest, Tüzér utca 39-41. 2. em.","1134 Budapest, Tüzér utca 39-41. 2. em.","1134 Budapest, Tüzér utca 39-41. 2. em.",
92000,MTM-SBS Televízió Rt.,"1145 Budapest, Róna u. 174.","1145 Budapest, Róna u. 174.","1145 Budapest, Róna u. 174.","1145 Budapest, Róna u. 174.","1145 Budapest, Róna u. 174.","1145 Budapest, Róna u. 174.","1145 Budapest, Róna u. 174.","1145 Budapest, Róna u. 174.","1145 Budapest, Róna u. 174.","1145 Budapest, Róna u. 174.","1145 Budapest, Róna u. 174.","1145 Budapest, Róna u. 174.",
92002,MTV Networks Magyarország Műsorszolgáltató Zártkörűen Működő Részvénytársaság,,,,,,,,,,"1113 Budapest, Bocskai út 134-146.","1113 Budapest, Bocskai út 134-146.","1113 Budapest, Bocskai út 134-146.",
199050,MULTIVIZIÓ-VESZPRÉM Lapkiadó Korlátolt Felelősségű Társaság,"8200 Veszprém, Zalka Máté tér 1.",,,,,,,,,,,,
199051,MűSOR-HANG Műsorszolgáltató Korlátolt Felelősségű Társaság,,,,,,"1133 Budapest, Váci út 78/B.","1133 Budapest, Váci út 78/B.","1133 Budapest, Váci út 78/B.","1133 Budapest, Váci út 78/B.","1133 Budapest, Váci út 78/B.","1133 Budapest, Váci út 78/B.",,
92015,MűSOR-HANG Műsorszolgáltató Zártkörűen Működő Részvénytársaság,,,,,,,,,,,,"1133 Budapest, Váci út 78/B.",
92066,Napi Gazdaság Kiadó Korlátolt Felelősségű Társaság,"1135 Budapest, XIII., Csata u. 32.","1135 Budapest, XIII., Csata u. 32.","1135 Budapest, XIII., Csata u. 32.","1135 Budapest, XIII., Csata u. 32.","1135 Budapest, XIII., Csata u. 32.","1135 Budapest, XIII., Csata u. 32.","1135 Budapest, XIII., Csata u. 32.","1135 Budapest, XIII., Csata u. 32.","1135 Budapest, XIII., Csata u. 32.","1135 Budapest, XIII., Csata u. 32.","1135 Budapest, XIII., Csata u. 32.","1135 Budapest, XIII., Csata u. 32.",
199052,NAPLÓ Lapkiadó Korlátolt Felelősségü Társaság,"4001 Debrecen, Dósa nádor tér 10. sz.",,,,,,,,,,,,
92081,Nemzet Lap- és Könyvkiadó Korlátolt Felelősségű Társaság,"1091 Budapest, Üllői út 51.","1091 Budapest, Üllői út 51.","1091 Budapest, Üllői út 51.","1091 Budapest, Üllői út 51.","1091 Budapest, Üllői út 51.","1091 Budapest, Üllői út 51.","1089 Budapest, Üllői út 102.","1089 Budapest, Üllői út 102.","1089 Budapest, Üllői út 102.","1089 Budapest, Üllői út 102.","1089 Budapest, Üllői út 102.","1089 Budapest, Üllői út 102.",
199053,"Nemzeti Korona Lap, Könyvkiadó, Kereskedelmi és Szolgáltató Korlátolt Felelősségű Társaság","1043 Budapest, Dugonics u. 30-32.","1043 Budapest, Dugonics u. 30-32.","1043 Budapest, Dugonics u. 30-32.",,,,,,,,,,
199054,Nemzeti Sport Lap- Könyvkiadó és Szolgáltató Korlátolt Felelősségű Társaság,"1133 Budapest, Visegrádi u. 115.","1133 Budapest, Visegrádi u. 115.","1141 Budapest, Szugló u 83-85.",,,,,,,,,,
92090,Népszabadság Kiadó és Nyomdaipari Zártkörűen Működő Részvénytársaság,"1034 Budapest, Bécsi út 122-124. sz.","1034 Budapest, Bécsi út 122-124. sz.","1034 Budapest, Bécsi út 122-124. sz.","1034 Budapest, Bécsi út 122-124. sz.","1034 Budapest, Bécsi út 122-124. sz.","1034 Budapest, Bécsi út 122-124. sz.","1034 Budapest, Bécsi út 122-124. sz.","1034 Budapest, Bécsi út 122-124. sz.","1034 Budapest, Bécsi út 122-124. sz.","1034 Budapest, Bécsi út 122-124. sz.","1034 Budapest, Bécsi út 122-124. sz.","1034 Budapest, Bécsi út 122-124. sz.",
92092,Népszava Lapkiadó Korlátolt Felelősségű Társaság,,,,,,"1087 Budapest, Könyves Kálmán krt 76.","1087 Budapest, Könyves Kálmán krt 76.","1087 Budapest, Könyves Kálmán krt 76.","1087 Budapest, Könyves Kálmán krt 76.","1087 Budapest, Könyves Kálmán krt 76.","1087 Budapest, Könyves Kálmán krt 76.","1087 Budapest, Könyves Kálmán krt 76.",
92093,Népújság Korlátolt Felelősségű Társaság Békéscsaba,"5600 Békéscsaba, Munkácsi ut.4.sz.","5600 Békéscsaba, Munkácsi ut.4.sz.","5600 Békéscsaba, Munkácsi ut.4.sz.","5600 Békéscsaba, Munkácsi ut.4.sz.","5600 Békéscsaba, Munkácsi ut.4.sz.","5600 Békéscsaba, Munkácsi ut.4.sz.","5600 Békéscsaba, Munkácsi ut.4.sz.","5600 Békéscsaba, Munkácsi ut.4.sz.","5600 Békéscsaba, Munkácsi ut.4.sz.","5600 Békéscsaba, Munkácsi ut.4.sz.","5600 Békéscsaba, Munkácsi ut.4.sz.","5600 Békéscsaba, Kiss Ernő utca 3.",
93414,Net Média Kiadó és Internet Tartalomszolgáltató Zártkörűen Működő Részvénytársaság,,,"1066 Budapest, Teréz körút 38.","1132 Budapest, Vichor Hugo u 11-15.","1132 Budapest, Vichor Hugo u 11-15.","1132 Budapest, Vichor Hugo u 11-15.","1075 Budapest, Károly körút 9.","1075 Budapest, Károly körút 9.","1066 Budapest, Teréz krt. 46.","1066 Budapest, Teréz krt. 46.","1066 Budapest, Teréz krt. 46.","1033 Budapest, Polgár utca 8-10.",
199055,New World Publishing Kft.,"1055 Budapest, Szent István krt.11.III/4.","1055 Budapest, Szent István krt.11.III/4.","1055 Budapest, Szent István krt.11.III/4.","1055 Budapest, Szent István krt.11.III/4.","1055 Budapest, Szent István krt.11.III/4.","1055 Budapest, Szent István krt.11.III/4.","1055 Budapest, Szent István krt.11.III/4.","1055 Budapest, Szent István krt.11.III/4.","1055 Budapest, Szent István krt.11.III/4.","1055 Budapest, Szent István krt.11.III/4.","1055 Budapest, Szent István krt.11.III/4.","1055 Budapest, Szent István krt.11.III/4.",
92115,Nógrádi Média Kiadói Korlátolt Felelősségű Társaság,,"3100 Salgótarján, Erzsébet tér 6.","3100 Salgótarján, Erzsébet tér 6.","3100 Salgótarján, Erzsébet tér 6.","3100 Salgótarján, Erzsébet tér 6.","3100 Salgótarján, Erzsébet tér 6.","3100 Salgótarján, Erzsébet tér 6.","3100 Salgótarján, Erzsébet tér 6.","3100 Salgótarján, Alkotmány út 9.","3100 Salgótarján, Alkotmány út 9.","3100 Salgótarján, Alkotmány út 9.","3100 Salgótarján, Alkotmány út 9.",
199056,NSZ 1999 Lapkiadó Részvénytársaság,,"1087 Budapest, Könyves Kálmán krt 76.","1087 Budapest, Könyves Kálmán krt 76.","1087 Budapest, Könyves Kálmán krt 76.","1087 Budapest, Könyves Kálmán krt 76.","1087 Budapest, Könyves Kálmán krt 76.","1087 Budapest, Könyves Kálmán krt 76.","1087 Budapest, Könyves Kálmán krt 76.","1087 Budapest, Könyves Kálmán krt 76.",,,,
92176,Origo Média és Kommunikációs Szolgáltató Zártkörűen Működő Részvénytársaság,,,"1013 Budapest, Krisztina krt 55.","1013 Budapest, Krisztina krt 55.","1117 Budapest, Neumann János út 1/B.","1117 Budapest, Neumann János út 1/B.","1117 Budapest, Neumann János út 1/B.","1117 Budapest, Neumann János út 1/B.","1117 Budapest, Neumann János út 1/B.","1117 Budapest, Gábor Dénes u 2.","1117 Budapest, Gábor Dénes u 2.","1117 Budapest, Gábor Dénes u 2.",
98208,Országos Kereskedelmi Rádió Rt.,"9022 Győr, Szent István út 5l.","1138 Budapest, Váci út 141.","1138 Budapest, Váci út 141.","1138 Budapest, Váci út 141.","1138 Budapest, Váci út 141.","1138 Budapest, Váci út 141.","1138 Budapest, Váci út 141.","1138 Budapest, Váci út 141.","1138 Budapest, Váci út 141.","1138 Budapest, Váci út 141.","1138 Budapest, Váci út 141.","1138 Budapest, Váci út 141.",
199057,P & B Média Portfóliókezelő Rt.,"1133 Budapest, Visegrádi u.116.","1133 Budapest, Visegrádi u.116.","1133 Budapest, Visegrádi u.116.","1013 Budapest, Pauler u 11.","1013 Budapest, Pauler u 11.","1013 Budapest, Pauler u 11.","1013 Budapest, Pauler u 11.","1013 Budapest, Pauler u 11.","1013 Budapest, Pauler u 11.",,,,
92254,Pannon Broadcast Televízió Kft.,"1033 Budapest, Hunor u. 34.","1033 Budapest, Hunor u. 34.","1032 Budapest, Gyenes u 8. A. ép.","1032 Budapest, Gyenes u 8. A. ép.","1032 Budapest, Gyenes u 8. A. ép.","1032 Budapest, Gyenes u 8. A. ép.","1032 Budapest, Gyenes u 8. A. ép.","1032 Budapest, Gyenes u 8. A. ép.","1032 Budapest, Gyenes u 8. A. ép.","1032 Budapest, Gyenes u 8. A. ép.","1032 Budapest, Gyenes u 8. A. ép.","1032 Budapest, Gyenes u 8. A. ép.",
92254,PANNON BROADCAST Televízió Kolrátolt Felelősségű Társaság,"1033 Budapest, Hunor u. 34.","1033 Budapest, Hunor u. 34.","1032 Budapest, Gyenes u 8. A. ép.","1032 Budapest, Gyenes u 8. A. ép.","1032 Budapest, Gyenes u 8. A. ép.","1032 Budapest, Gyenes u 8. A. ép.","1032 Budapest, Gyenes u 8. A. ép.","1032 Budapest, Gyenes u 8. A. ép.","1032 Budapest, Gyenes u 8. A. ép.","1032 Budapest, Gyenes u 8. A. ép.","1032 Budapest, Gyenes u 8. A. ép.","1032 Budapest, Gyenes u 8. A. ép.",
92258,Pannon Lapok Társasága Kiadói Korlátolt Felelősségű Társaság,"8900 Zalaegerszeg, Ady u. 60.","8900 Zalaegerszeg, Ady u. 60.","8900 Zalaegerszeg, Ady u. 60.","8900 Zalaegerszeg, Ady u. 60.","8900 Zalaegerszeg, Ady u. 60.","8900 Zalaegerszeg, Ady u. 60.","8900 Zalaegerszeg, Ady u. 60.","8900 Zalaegerszeg, Ady u. 60.","8900 Zalaegerszeg, Ady u. 60.","8900 Zalaegerszeg, Ady u. 60.","8900 Zalaegerszeg, Ady u. 60.","8900 Zalaegerszeg, Ady u. 60.",
92287,Pax TV Rt.,,,,"1033 Budapest, Hajógyári sziget 307.","1033 Budapest, Hajógyári sziget 307.","1033 Budapest, Hajógyári-sziget 323.","1033 Budapest, Hajógyári-sziget 323.","1033 Budapest, Hajógyári-sziget 307.","1033 Budapest, Hajógyári-sziget 307.","1033 Budapest, Hajógyári-sziget 307.","1033 Budapest, Bogdáni út 1.","1033 Budapest, Bogdáni út 1.",
92292,Pécs Médiaközpont Korlátolt Felelősségű Társaság,,"7623 Pécs, Bajcsy-Zs u 35.","7623 Pécs, Bajcsy-Zs u 35.","7621 Pécs, Rákóczi utca 55.","7621 Pécs, Rákóczi utca 55.","7621 Pécs, Rákóczi utca 55.","7621 Pécs, Rákóczi utca 55.","7621 Pécs, Rákóczi utca 55.","7621 Pécs, Rákóczi utca 55.","7621 Pécs, Rákóczi utca 55.","7621 Pécs, Rákóczi utca 55.","7621 Pécs, Rákóczi út 11.",
92324,Petőfi Lap- és Könyvkiadó Korlátolt Felelősségű Társaság,"6000 Kecskemét, Szabadság tér 1/a.","6000 Kecskemét, Szabadság tér 1/a.","6000 Kecskemét, Szabadság tér 1/a.","6000 Kecskemét, Szabadság tér 1/a.","6000 Kecskemét, Szabadság tér 1/a.","6000 Kecskemét, Szabadság tér 1/a.","6000 Kecskemét, Szabadság tér 1/a.","6000 Kecskemét, Szabadság tér 1/a.","6000 Kecskemét, Széchenyi krt 29.","6000 Kecskemét, Széchenyi krt 29.","6000 Kecskemét, Széchenyi krt 29.","6000 Kecskemét, Széchenyi krt 29.",
199058,Piac és Marketing Kft.,,,,,,,"6722 Szeged, Mérey 6/B","6722 Szeged, Attila 16","6722 Szeged, Attila 16","6722 Szeged, Attila 16",,,
92333,Piac és Profit Kiadó Korlátolt Felelősségű Társaság,"1061 Budapest, Paulay Ede u. 41.","1134 Budapest, Dózsa György út 144.","1134 Budapest, Dózsa György út 144.","1134 Budapest, Dózsa György út 144.","1134 Budapest, Dózsa György út 144.","1134 Budapest, Dózsa György út 144.","1134 Budapest, Dózsa György út 144.","1134 Budapest, Dózsa György út 144.","1134 Budapest, Dózsa György út 144.","1134 Budapest, Dózsa György út 144.","1134 Budapest, Dózsa György út 144.","1134 Budapest, Dózsa György út 144.",
92368,POP Print és Online Piac Korlátolt Felelősségű Társaság,,,,,,,,,,,,,
199059,PORTA Ingatlanközvetítő és Reklámszervező Gazdasági Munkaközösség,"3580 Tiszaújváros, Bethlen G.u.23.sz.","3580 Tiszaújváros, Bethlen G.u.23.sz.",,,,,,,,,,,
96008,Press+Print Kft.,"2340 Kiskunlacháza, Gábor A u 2/a.","2340 Kiskunlacháza, Gábor A u 2/a.","2340 Kiskunlacháza, Gábor A u 2/a.","2340 Kiskunlacháza, Gábor A u 2/a.","2340 Kiskunlacháza, Gábor A u 2/a.","2340 Kiskunlacháza, Gábor A u 2/a.","2340 Kiskunlacháza, Gábor A u 2/a.","2340 Kiskunlacháza, Gábor A u 2/a.","2340 Kiskunlacháza, Gábor A u 2/a.","2340 Kiskunlacháza, Gábor A u 2/a.","2340 Kiskunlacháza, Gábor A u 2/a.","2340 Kiskunlacháza, Gábor A u 2/a.",
92403,PROGETTO MÉDIA Szolgáltató Korlátolt Felelősségű Társaság,,,,,,,,,"1067 Budapest, Teréz krt. 33. 4. em. 31.","1067 Budapest, Teréz krt. 33. 4. em. 31.","1067 Budapest, Teréz krt. 33. 4. em. 31.","1065 Budapest, Bajcsy Zs út 63.",
92404,Progressio Lapkiadó és Szolgáltató Kft.,"1082 Budapest, Baross u. 61.","1082 Budapest, Baross u. 61.","1082 Budapest, Baross u. 61.","1082 Budapest, Baross u. 61.","1082 Budapest, Baross u. 61.","1082 Budapest, Baross u. 61.","1082 Budapest, Baross u. 61.","1082 Budapest, Baross u. 61.","1082 Budapest, Baross u. 61.","1082 Budapest, Baross u. 61.","1082 Budapest, Baross u. 61.","1082 Budapest, Baross u. 61.",
92443,Rádió 1 Rádióműsort Készítő és Közlő Korlátolt Felelősségű Társaság,"1087 Budapest, Kerepesi út 29/b.","1087 Budapest, Kerepesi 27","1062 Budapest, Andrássy 86","1062 Budapest, Andrássy 86","1062 Budapest, Andrássy 86","1062 Budapest, Andrássy 86","1062 Budapest, Andrássy 86","1016 Budapest, Mészáros u 58. B. ép. 3. em.","1016 Budapest, Mészáros u 58. B. ép. 3. em.","1016 Budapest, Mészáros u 58. B. ép. 3. em.","1016 Budapest, Mészáros u 58. B. ép. 3. em.","1016 Budapest, Mészáros u 58. B. ép. 3. em.",
92455,Rádió Juventus Műsorszolgáltató Részvénytársaság,,,"1135 Budapest, Róbert Károly körút 82-84.","1135 Budapest, Róbert Károly körút 82-84.","1135 Budapest, Róbert Károly körút 82-84.","1135 Budapest, Róbert Károly körút 82-84.","1135 Budapest, Róbert Károly körút 82-84.","1135 Budapest, Róbert Károly körút 82-84.","1135 Budapest, Róbert Károly körút 82-84.","1135 Budapest, Róbert Károly körút 82-84.","1135 Budapest, Róbert Károly körút 82-84.","1135 Budapest, Róbert Károly körút 82-84.",
92513,RF-HOBBY Lapkiadó Korlátolt Felelősségű Társaság,,,,,,,"2120 Dunakeszi, Gida út 3.","2120 Dunakeszi, Gida út 3.","2120 Dunakeszi, Gida út 3.","2120 Dunakeszi, Gida út 3.","1139 Budapest, Váci út 85. III. em.","1139 Budapest, Váci út 85. III. em.",
92518,Ringier Kiadó Korlátolt Felelősségű Társaság,"1134 Budapest, Róbert K. krt. 61-65.","1134 Budapest, Róbert K. krt. 61-65.","1141 Budapest, Szugló u 83-85.","1141 Budapest, Szugló u 83-85.","1141 Budapest, Szugló u 83-85.","1141 Budapest, Szugló u 83-85.","1141 Budapest, Szugló u 83-85.","1141 Budapest, Szugló u 83-85.","1141 Budapest, Szugló u. 81-85.","1141 Budapest, Szugló u. 81-85.","1141 Budapest, Szugló u. 81-85.","1141 Budapest, Szugló u. 81-85.",
92564,Sanoma Budapest Kiadói Zártkörűen Működő Részvénytársaság,,,,"1037 Budapest, Bokor u 15-19.","1037 Budapest, Bokor u 15-19.","1037 Budapest, Bokor u 15-19.","1037 Budapest, Bokor u 15-19.","1037 Budapest, Bokor u 15-19.","1037 Budapest, Montevideo u 9.","1037 Budapest, Montevideo u 9.","1037 Budapest, Montevideo u 9.","1037 Budapest, Montevideo u 9.",
92565,Sanoma Digital Media Zrt.,,,,,,,,"1025 Budapest, Csatárka utca 82-84.","1037 Budapest, Montevideo u 9.","1037 Budapest, Montevideo u 9.","1037 Budapest, Montevideo u 9.","1037 Budapest, Montevideo u 9.",
93480,Sláger Rádió Műsorszolgáltató Részvénytársaság,"2040 Budaörs, Szabadság út 117.","2040 Budaörs, Szabadság út 117.","2040 Budaörs, Szabadság út 117.","2040 Budaörs, Szabadság út 117.","2040 Budaörs, Szabadság út 117.","2040 Budaörs, Szabadság út 117.","1011 Budapest, Fő utca 14.","1011 Budapest, Fő utca 14.","1011 Budapest, Fő utca 14.","1011 Budapest, Fő utca 14.","1011 Budapest, Fő utca 14.","1011 Budapest, Fő utca 14.",
199060,Spektrum-TV Rt,"1111 Budapest, Budafoki út 59.","1111 Budapest, Budafoki út 59.","1111 Budapest, Budafoki út 59.","1111 Budapest, Budafoki út 59.","1117 Budapest, Irinyi J u 4-20.","1117 Budapest, Irinyi J u 4-20.","1117 Budapest, Irinyi J u 4-20.","1117 Budapest, Irinyi J u 4-20.","1117 Budapest, Irinyi J u 4-20.","1117 Budapest, Irinyi J u 4-20.","1139 Budapest, Lomb utca 23-27.",,
199061,Sport1 TV Műsorszolgáltató Zrt.,,,"1139 Budapest, Lomb u 23-27.","1139 Budapest, Lomb u 23-27.","1139 Budapest, Lomb u 23-27.","1139 Budapest, Lomb u 23-27.","1139 Budapest, Lomb u 23-27.","1139 Budapest, Lomb u 23-27.","1139 Budapest, Lomb u 23-27.","1139 Budapest, Lomb u 23-27.",,,
92645,Sprint Kereskedelmi és Szolgáltató Korlátolt Felelősségű Társaság,"1025 Budapest, Szalamandra u. 26.","1137 Budapest, Újpesti rakpart 7.","1137 Budapest, Újpesti rakpart 7.","1137 Budapest, Újpesti rakpart 7.","1137 Budapest, Újpesti rakpart 7.","1137 Budapest, Újpesti rakpart 7.","1137 Budapest, Újpesti rakpart 7.","1137 Budapest, Újpesti rakpart 7.","1137 Budapest, Újpesti rakpart 7.","1137 Budapest, Újpesti rakpart 7.","1137 Budapest, Újpesti rakpart 7.","1137 Budapest, Újpesti rakpart 7.",
199062,Strigonium Számviteli és Gazdasági Tanácsadó Zártkörűen Működő Részvénytársaság,"2500 Esztergom, Bottyán János u 3.","2500 Esztergom, Bottyán János u 3.","2500 Esztergom, Deák Ferenc utca 4.","2500 Esztergom, Deák Ferenc utca 4.","2500 Esztergom, Deák Ferenc utca 4.","2500 Esztergom, Deák Ferenc utca 4.","2500 Esztergom, Deák Ferenc utca 4.","2500 Esztergom, Deák Ferenc utca 4.","2500 Esztergom, Deák Ferenc utca 4.","2500 Esztergom, Deák Ferenc utca 4.","2500 Esztergom, Deák Ferenc utca 4.","2500 Esztergom, Deák Ferenc utca 4.",
96037,Stringonium Press Kft.,,,,,,,,,,,,"1061 Budapest, Andrássy út 14.",
199063,Szabad Föld Lap- és Könyvkiadó Részvénytársaság,"1133 Budapest, Visegrádi u. 116. sz.","1133 Budapest, Visegrádi u. 116. sz.","1133 Budapest, Visegrádi u. 116. sz.","1133 Budapest, Visegrádi u. 116. sz.","1133 Budapest, Visegrádi u. 116. sz.","1133 Budapest, Visegrádi u. 116. sz.","1125 Budapest, Istenhegyi út 59-61.",,,,,,
199064,Szegedi Közlekedési Korlátolt Felelősségű Társaság,"6720 Szeged, Zrínyi u. 4-8.","6720 Szeged, Zrínyi u. 4-8.","6720 Szeged, Zrínyi u. 4-8.","6720 Szeged, Zrínyi u. 4-8.","6720 Szeged, Zrínyi u. 4-8.","6720 Szeged, Zrínyi u. 4-8.","6720 Szeged, Zrínyi u. 4-8.","6720 Szeged, Zrínyi u. 4-8.","6720 Szeged, Zrínyi u. 4-8.","6720 Szeged, Zrínyi u. 4-8.","6720 Szeged, Zrínyi u. 4-8.","6720 Szeged, Zrínyi u. 4-8.",
199065,Szív TV Rt.,"1118 Budapest, Kelenhegyi u 43.","1118 Budapest, Kelenhegyi u 43.","1118 Budapest, Kelenhegyi u 43.","1118 Budapest, Kelenhegyi u 43.","1118 Budapest, Kelenhegyi u 43.","1118 Budapest, Kelenhegyi u 43.",,,,,,,
92805,Sztrato Kiadói Korlátolt Felelősségű Társaság,"1125 Budapest, Trencséni u. 37.","1125 Budapest, Trencséni u. 37.","1125 Budapest, Trencséni u. 37.","1125 Budapest, Trencséni u. 37.","1125 Budapest, Trencséni u. 37.","1125 Budapest, Trencséni u. 37.","1125 Budapest, Trencséni u. 37.","1125 Budapest, Trencséni u. 37.","1125 Budapest, Trencséni u. 37.","1125 Budapest, Trencséni u. 37.","1125 Budapest, Trencséni u. 37.","1125 Budapest, Trencséni u. 37.",
92839,TATABÁNYAI KÖZÖSSÉGI TELEVIZIÓ Korlátolt Felelősségű Társaság,"2800 Tatabánya, Kodály tér 4.","2800 Tatabánya, Kodály tér 4.","2800 Tatabánya, Kodály tér 4.","2800 Tatabánya, Kodály tér 4.","2800 Tatabánya, Kodály tér 4.","2800 Tatabánya, Kodály tér 4.","2800 Tatabánya, Kodály tér 4.","2800 Tatabánya, Kodály tér 4.","2800 Tatabánya, Kodály tér 4.","2800 Tatabánya, Kodály tér 4.","2800 Tatabánya, Kodály tér 4.","2800 Tatabánya, Kodály tér 4.",
92851,Telegráf Kiadó Korlátolt Felelősségű Társaság,"1023 Budapest, Bécsi út 3-5.","1023 Budapest, Bécsi út 3-5.","1023 Budapest, Bécsi út 3-5.","1023 Budapest, Bécsi út 3-5.","1023 Budapest, Bécsi út 3-5.","1023 Budapest, Bécsi út 3-5.","1023 Budapest, Bécsi út 3-5.","1023 Budapest, Bécsi út 3-5.","1023 Budapest, Bécsi út 3-5.","1023 Budapest, Bécsi út 3-5.","1023 Budapest, Bécsi út 3-5.","1023 Budapest, Bécsi út 3-5.",
99632,Tel-Info Informatikai és Szolgáltató Betéti Társaság,"8360 Keszthely, Damjanich u. 4/A.","8315 Gyenesdiás, Kisfaludy u 6.","8315 Gyenesdiás, Kisfaludy u 6.","8315 Gyenesdiás, Kisfaludy u 6.","8315 Gyenesdiás, Kisfaludy u 6.","8315 Gyenesdiás, Kisfaludy u 6.","8315 Gyenesdiás, Kisfaludy u 6.","8315 Gyenesdiás, Kisfaludy u 6.","8315 Gyenesdiás, Kisfaludy u 6.","8315 Gyenesdiás, Kisfaludy u 6.","8315 Gyenesdiás, Kisfaludy u 6.","8315 Gyenesdiás, Kisfaludy u 6.",
93923,Tematik Kabel Kereskedelmi és Szolgáltató Korlátolt Felelősségű Társaság,,,,,,,,,,"2049 Diósd, Tétényi út 15.","2049 Diósd, Tétényi út 15.","1012 Budapest, Márvány utca 17.",
92881,Théma Lapkiadó Kereskedelmi és Szolgáltatási Korlátolt Felelősségű Társaság,,,,,,,"1119 Budapest, Fehérvári út 87. II. em. 1.","1119 Budapest, Fehérvári út 87. II. em. 1.","1119 Budapest, Fehérvári út 87. II. em. 1.","1119 Budapest, Fehérvári út 87. II. em. 1.","1119 Budapest, Fehérvári út 87. II. em. 1.","1119 Budapest, Fehérvári út 87. II. em. 1.",
92954,TUEGO Szolgáltató és Kereskedelmi Közkereseti Társaság,"9081 Győrújbarát, Petőfi S.u.104.","9081 Győrújbarát, Petőfi S.u.104.","9023 Győr, Corvin utca 27.","9023 Győr, Corvin utca 27.","9023 Győr, Corvin utca 27.","9023 Győr, Corvin utca 27.","9023 Győr, Corvin utca 27.","9023 Győr, Corvin utca 27.","9023 Győr, Corvin utca 27.","9081 Győrújbarát, Petőfi Sándor u 104.","9081 Győrújbarát, Petőfi Sándor u 104.","9081 Győrújbarát, Petőfi Sándor u 104.",
92968,TV Paprika Műsorszolgáltató Zártkörűen Működő Részvénytársaság,,,,,,,,,,,"1139 Budapest, Lomb utca 23-27.","1139 Budapest, Lomb utca 23-27.",
199066,TV Paprika Rt.,,,,,,,"1035 Budapest, Raktár u 25.","1035 Budapest, Raktár u 25.","1035 Budapest, Raktár u 25.","1035 Budapest, Raktár u 25.","1139 Budapest, Lomb utca 23-27.",,
199067,TVegy Kultúrális és Műsorszolgáltató Rt,,,"1083 Budapest, Szigetvári u 5.","1083 Budapest, Szigetvári u 5.","1083 Budapest, Szigetvári u 5.","1083 Budapest, Szigetvári u 5.","1083 Budapest, Szigetvári u 5.","1083 Budapest, Szigetvári u 5.","1083 Budapest, Szigetvári u 5.","1083 Budapest, Szigetvári u 5.","1083 Budapest, Szigetvári u 5.","1083 Budapest, Szigetvári u 5.",
92990,Újpesti Sajtó Szolgáltató Nonprofit Korlátolt Felelősségű Társaság,,,,,,,,,,,,,
92999,Ursa Et Ursus Kiadó Kft,,,,,,,,,,,,"2162 Őrbottyán, Bercsényi Miklós utca 2. B. ép.",
199068,Városi Televízió Kft.,,"8000 Székesfehérvár, Jókai utca 15.","8000 Székesfehérvár, Jókai utca 15.","8000 Székesfehérvár, Jókai utca 15.","8000 Székesfehérvár, Jókai utca 15.","8000 Székesfehérvár, Jókai utca 15.","8000 Székesfehérvár, Jókai utca 15.","8000 Székesfehérvár, Jókai utca 15.","8000 Székesfehérvár, Jókai utca 15.","8000 Székesfehérvár, Jókai utca 15.","8000 Székesfehérvár, Jókai utca 15.","8000 Székesfehérvár, Jókai utca 15.",
93039,VÁROS-KÉP Szolgáltató Nonprofit Korlátolt Felelősségű Társaság,,,,,,,,,,,,"4400 Nyíregyháza, Szabadság tér 9.",
93510,Vas Népe Reklám-Propaganda és Kiadói Betéti Társaság,,,,,,,,,,,,"9700 Szombathely, Széll Kálmán utca 40.",
92971,VH Információs Korlátolt Felelősségű Társaság,"1072 Budapest, Rákóczi út 12. A/II/3.","1148 Budapest, Bátorkeszi u 12.","1148 Budapest, Bátorkeszi u 12.","1096 Budapest, Thaly Kálmán u 39.","1096 Budapest, Thaly Kálmán u 39.","1096 Budapest, Thaly Kálmán u 39.","1096 Budapest, Thaly Kálmán u 39.","1096 Budapest, Thaly Kálmán u 39.","1096 Budapest, Vendel utca 11.","1096 Budapest, Vendel utca 11.","1096 Budapest, Vendel utca 11.","1096 Budapest, Vendel utca 11.",
98204,Viasat Hungária Rt,,,"1037 Budapest, Kiscelli u 104.","1037 Budapest, Kiscelli u 104.","1023 Budapest, Felhévízi u 24.","1139 Budapest, Váci út 99. 8. ép.","1139 Budapest, Váci út 99. 8. ép.","1139 Budapest, Váci út 99. 8. ép.","1139 Budapest, Váci út 99. 8. ép.","1139 Budapest, Váci út 99. 1-2. ép.","1139 Budapest, Váci út 99. 1-2. ép.","1139 Budapest, Váci út 99. 1-2. ép.",
93113,Vital TV Zrt.,,,,,,,,"1145 Budapest, Törökőr u 78.","1145 Budapest, Törökőr u 78.","1145 Budapest, Törökőr u 78.","1145 Budapest, Törökőr u 78.",,
199069,Vogel Publishing Kiadó Korlátolt Felelősségű Társaság,"1139 Budapest, Hajdu u. 42-44.","1139 Budapest, Hajdu u. 42-44.","1139 Budapest, Hajdu u. 42-44.","1139 Budapest, Hajdu u. 42-44.","1139 Budapest, Hajdu u. 42-44.","1139 Budapest, Hajdu u. 42-44.","1139 Budapest, Hajdu u. 42-44.",,"1077 Budapest, Kéthly Anna tér 1.","1077 Budapest, Kéthly Anna tér 1.","1062 Budapest, Andrássy út 121.","1062 Budapest, Andrássy út 121.",
93140,"Word Communications Kiadói, Kereskedelmi és Szolgáltató Korlátolt Felelősségű Társaság",,,,,"1026 Budapest, Pasaréti út 49.","1026 Budapest, Pasaréti út 49.","1026 Budapest, Pasaréti út 49.","1026 Budapest, Pasaréti út 49.","1026 Budapest, Pasaréti út 49.","1026 Budapest, Pasaréti út 49.","1026 Budapest, Pasaréti út 49.","1026 Budapest, Pasaréti út 49.",
93152,Z+ Műsorszolgáltató Rt.,"1111 Budapest, Budafoki út 59.","1111 Budapest, Budafoki út 59.","1111 Budapest, Budafoki út 59.","1119 Budapest, Galambócz utca 12-14. fszt. 2001.","1119 Budapest, Galambócz utca 12-14. fszt. 2001.","1119 Budapest, Galambócz utca 12-14. fszt. 2001.","1119 Budapest, Galambócz utca 12-14. fszt. 2001.","1113 Budapest, Bocskai út 134.146.","1113 Budapest, Bocskai út 134.146.","1113 Budapest, Bocskai út 134.146.","1113 Budapest, Bocskai út 134.146.","1113 Budapest, Bocskai út 134.146.",
93165,Zalai Hírlap Kiadói Betéti Társaság,,,,,,,,,,,,"8900 Zalaegerszeg, Ady E utca 62.",
199070,Zenit Televízió Rt.,,,,"1161 Budapest, Csömöri utca 24.","1161 Budapest, Csömöri utca 24.","1161 Budapest, Csömöri utca 24.","1161 Budapest, Csömöri utca 24.","1161 Budapest, Csömöri utca 24.","1161 Budapest, Csömöri utca 24.","1161 Budapest, Csömöri utca 24.","1161 Budapest, Csömöri utca 24.","1161 Budapest, Csömöri utca 24.",
199071,ZEPHYR 2000 Kereskedelmi és Szolgáltató Betéti Társaság,"4220 Hajdúböszörmény, Fazekas Gábor krt. 47.","4220 Hajdúböszörmény, Fazekas Gábor krt. 47.","4220 Hajdúböszörmény, Fazekas Gábor krt. 47.","4220 Hajdúböszörmény, Fazekas Gábor krt. 47.","4200 Hajdúszoboszló, Bethlen u 2.","4200 Hajdúszoboszló, Bethlen u 2.","4200 Hajdúszoboszló, Bethlen u 2.","4200 Hajdúszoboszló, Bethlen u 2.","4200 Hajdúszoboszló, Bethlen u 2.","4200 Hajdúszoboszló, Isonzó utca 2.","4200 Hajdúszoboszló, Isonzó utca 2.",,
93186,Zöld Újság Tömegkommunikációs és Kiadói Zártkörűen Működő Részvénytársaság,"1016 Budapest, Naphegy tér 8.","1016 Budapest, Naphegy tér 8.","1016 Budapest, Naphegy tér 8.","1016 Budapest, Naphegy tér 8.","1016 Budapest, Naphegy tér 8.","2800 Tatabánya, Fő tér 4.","2800 Tatabánya, Fő tér 4.","2800 Tatabánya, Fő tér 4.","2800 Tatabánya, Fő tér 4.","2800 Tatabánya, Fő tér 4.","2800 Tatabánya, Fő tér 4.","2800 Tatabánya, Fő tér 4.",
96941,Zselici Forrás Szolgáltató Korlátolt Felelősségű Társaság,,,,,,,,,,"7400 Kaposvár, Streith Miklós utca 6.","7400 Kaposvár, Streith Miklós utca 6.","7400 Kaposvár, Streith Miklós utca 6.",
199072,Budapesti Kommunikációs Rt.,"1021 Budapest, Budakeszi út 51.","1021 Budapest, Hűvösvölgyi út 64.","1021 Budapest, Hűvösvölgyi út 64.","1021 Budapest, Hűvösvölgyi út 64.","1021 Budapest, Hűvösvölgyi út 64.","1021 Budapest, Hűvösvölgyi út 64.","1145 Budapest, Róna utca 174.","1146 Budapest, Róna utca 174.","1147 Budapest, Róna utca 174.",,,,
199015,dr. Bródy Péter,,"1087 Budapest, Orczy út 44-46/B.","1087 Budapest, Orczy út 44-46/B.","1087 Budapest, Orczy út 44-46/B.","1087 Budapest, Orczy út 44-46/B.","1087 Budapest, Orczy út 44-46/B.","1087 Budapest, Orczy út 44-46/B.","1087 Budapest, Orczy út 44-46/B.","1087 Budapest, Orczy út 44-46/B.","1087 Budapest, Orczy út 44-46/B.","1087 Budapest, Orczy út 44-46/B.","1087 Budapest, Orczy út 44-46/B.",
199073,"INFORM MÉDIA Lapkiadó, Információs és Kulturális Korlátolt Felelősségű Társaság","3526 Miskolc, Zsolcai kapu 3.","4031 Debrecen, Balmazújvárosi út 11.","4031 Debrecen, Balmazújvárosi út 11.","4031 Debrecen, Balmazújvárosi út 11.","4031 Debrecen, Balmazújvárosi út 11.",,,,,,,,
91968,MOTOR-PRESSE BUDAPEST Kft.,"1142 Budapest, Rákospatak u 70-72.","1142 Budapest, Rákospatak u 70-72.","1033 Budapest, Hajógyári sziget 307.","1033 Budapest, Hajógyári sziget 307.","1033 Budapest, Hajógyári sziget 307.","1033 Budapest, Hajógyári sziget 307.","1033 Budapest, Hajógyári sziget 307.","1033 Budapest, Hajógyári sziget 307.","1113 Budapest, Nagyszőlős u 11-15.","1113 Budapest, Nagyszőlős u 11-15.","1113 Budapest, Nagyszőlős u 11-15.","1113 Budapest, Nagyszőlős u 11-15.","1113 Budapest, Nagyszőlős u 11-15."
