Cég ID,Cégnév,2010,2011,2012,2013,2014,2015,2016,2017
91722,Magyar RTL Televízió Zártkörűen Működő Részvénytársaság,"1222 Budapest, Nagytétényi út 29.","1222 Budapest, Nagytétényi út 29.","1222 Budapest, Nagytétényi út 29.","1222 Budapest, Nagytétényi út 29.","1222 Budapest, Nagytétényi út 29.","1222 Budapest, Nagytétényi út 29.","1222 Budapest, Nagytétényi út 29.","1222 Budapest, Nagytétényi út 29."
99037,TV2 Média Csoport Korlátolt Felelősségű Társaság,,,,"1054 Budapest, Szabadság tér 7., Gránit Torony. 8. em.","1145 Budapest, Róna utca 174.","1145 Budapest, Róna utca 174.","1145 Budapest, Róna utca 174.",
98662,AMC Networks Central Europe Korlátolt Felelősségű Társaság,,,,"1138 Budapest, Lomb utca 23-27.","1139 Budapest, Lomb utca 23-27.","1139 Budapest, Lomb utca 23-27.","1139 Budapest, Lomb utca 23-27.","1139 Budapest, Lomb utca 23-27."
96380,RTL Holding Korlátolt Felelősségű Társaság,"1222 Budapest, Nagytétényi út 29.","1222 Budapest, Nagytétényi út 29.","1222 Budapest, Nagytétényi út 29.","1222 Budapest, Nagytétényi út 29.","1222 Budapest, Nagytétényi út 29.","1222 Budapest, Nagytétényi út 29.","1222 Budapest, Nagytétényi út 29.","1222 Budapest, Nagytétényi út 29."
100016,Central Médiacsoport Zártkörűen Működő Részvénytársaság (2015.q2-től),,,,,,"1037 Budapest, Montevideo utca 9.","1037 Budapest, Montevideo utca 9.","1037 Budapest, Montevideo utca 9."
99425,Mediaworks Hungary Zártkörűen Működő Részvénytársaság,,,,"1124 Budapest, Csörsz utca 49-51.","1082 Budapest, Futó utca 35-37.","1082 Budapest, Futó utca 35-37.","1034 Budapest, Bécsi út 122-124.","1034 Budapest, Bécsi út 122-124."
97602,Viacom Global Hungary Korlátolt Felelősségű Társaság,"1113 Budapest, Bocskai út 134-146.","1113 Budapest, Bocskai út 134-146.","1113 Budapest, Bocskai út 134-146.","1113 Budapest, Bocskai út 134-146.","1113 Budapest, Bocskai út 134-146.","1113 Budapest, Bocskai út 134-146.","1113 Budapest, Bocskai út 134-146.",
91092,Lapcom Kiadó Zártkörűen Működő Részvénytársaság,"1149 Budapest, Róna u 120-122.","1149 Budapest, Róna u 120-122.","1024 Budapest, Retek utca 20.","9021 Győr, Újlak utca 4. A. ép.","9021 Győr, Újlak utca 4. A. ép.","9021 Győr, Újlak utca 4. A. ép.","9021 Győr, Újlak utca 4. A. ép.","9021 Győr, Újlak utca 4. A. ép."
92258,Pannon Lapok Társasága Kiadói Korlátolt Felelősségű Társaság,"8900 Zalaegerszeg, Ady u. 60.","8900 Zalaegerszeg, Ady u. 60.","8200 Veszprém, Házgyári út 12.","8200 Veszprém, Házgyári út 12.","8200 Veszprém, Házgyári út 12.","8200 Veszprém, Házgyári út 12.","8200 Veszprém, Házgyári út 12.","8200 Veszprém, Házgyári út 12."
92000,MTM-SBS Televízió Zártkörűen Működő Részvénytársaság,"1145 Budapest, Róna u. 174.","1145 Budapest, Róna u. 174.","1145 Budapest, Róna u. 174.","1145 Budapest, Róna u. 174.","1145 Budapest, Róna u. 174.",,,
91548,Lapcom Lapkiadó és Nyomdaipari Korlátolt Felelősségü Társaság,"9021 Győr, Ujlak u. 4/a.","9021 Győr, Ujlak u. 4/a.","9021 Győr, Ujlak u. 4/a.","9021 Győr, Ujlak u. 4/a.",,,,
90180,Ringier Axel Springer Magyarország Korlátolt Felelősségű Társaság,"1122 Budapest, Városmajor u. 11.","1122 Budapest, Városmajor u. 11.","1122 Budapest, Városmajor u. 11.","1122 Budapest, Városmajor u. 11.","1122 Budapest, Városmajor u. 11.","1122 Budapest, Városmajor u. 11.","1122 Budapest, Városmajor u. 11.","1122 Budapest, Városmajor u. 11."
90727,JCDecaux Hungary Zártkörűen Működő Részvénytársaság,"1027 Budapest, Ganz utca 16. IV. em.","1027 Budapest, Ganz utca 16. IV. em.","1027 Budapest, Ganz utca 16. IV. em.","1027 Budapest, Ganz utca 16. IV. em.","1027 Budapest, Ganz utca 16. IV. em.","1027 Budapest, Ganz utca 16. IV. em.","1027 Budapest, Ganz utca 16. IV. em.","1027 Budapest, Ganz utca 16. IV. em."
98903,Blikk Korlátolt Felelősségű Társaság,,,,,"1122 Budapest, Városmajor utca 11.","1122 Budapest, Városmajor utca 11.","1122 Budapest, Városmajor utca 11.","1122 Budapest, Városmajor utca 11."
92176,New Wave Media Group Média és Kommunikációs Szolgáltató Zártkörűen Működő Részvénytársaság,"1117 Budapest, Gábor Dénes u 2.","1117 Budapest, Gábor Dénes u 2.","1073 Budapest, Dob utca 76-78.","1073 Budapest, Dob utca 76-78.","1073 Budapest, Dob utca 76-78.","1037 Budapest, Montevideo utca 9.","1037 Budapest, Montevideo utca 9.","1037 Budapest, Montevideo utca 9."
93346,"Russmedia Lapkiadó, Információs és Kulturális","4031 Debrecen, Balmazújvárosi út 11.","4031 Debrecen, Balmazújvárosi út 11.","4031 Debrecen, Balmazújvárosi út 11.","4031 Debrecen, Balmazújvárosi út 11.","4031 Debrecen, Balmazújvárosi út 11.","4031 Debrecen, Balmazújvárosi út 11.","4031 Debrecen, Balmazújvárosi út 11.","4031 Debrecen, Balmazújvárosi út 11."
92418,Publimont Hirdetésszervező Korlátolt Felelősségű Társaság,"1022 Budapest, Törökvész út 30/a.","1022 Budapest, Törökvész út 30/a.","1022 Budapest, Törökvész út 30/a.","1022 Budapest, Törökvész út 30/a.","1022 Budapest, Törökvész út 30/a.","1022 Budapest, Törökvész út 30/a.","1022 Budapest, Bég utca 3-5.","1022 Budapest, Bég utca 3-5."
92564,Media Records Zártkörűen Működő Részvénytársaság,"1037 Budapest, Montevideo u 9.","1037 Budapest, Montevideo u 9.","1037 Budapest, Montevideo u 9.","1037 Budapest, Montevideo u 9.","1037 Budapest, Montevideo u 9.","1037 Budapest, Montevideo utca 9.","1037 Budapest, Montevideo u 9.","1037 Budapest, Montevideo u 9."
93546,Heti Világgazdaság Kiadói Zártkörűen Működő Részvénytársaság,"1037 Budapest, Montevideo utca 14.","1037 Budapest, Montevideo utca 14.","1037 Budapest, Montevideo utca 14.","1037 Budapest, Montevideo utca 14.","1037 Budapest, Montevideo utca 14.","1037 Budapest, Montevideo utca 14.","1037 Budapest, Montevideo utca 14.","1037 Budapest, Montevideo utca 14."
99223,Central Digitális Média Korlátolt Felelősségű Társaság,,,,,"1037 Budapest, Montevideo utca 9.","1037 Budapest, Montevideo utca 9.","1037 Budapest, Montevideo utca 9.","1037 Budapest, Montevideo utca 9."
90057,Advenio Műsorszolgáltató Zártkörűen Működő Részvénytársaság,"1089 Budapest, Üllői út 102.","1089 Budapest, Üllői út 102.","1089 Budapest, Üllői út 102.","1089 Budapest, Üllői út 102.","1089 Budapest, Üllői út 102.","1089 Budapest, Üllői út 102.","1089 Budapest, Üllői út 102.","1089 Budapest, Üllői út 102."
92518,Mediaworks Kiadó és Nyomda Korlátolt Felelősségű Társaság,"1082 Budapest, Futó utca 35-37.","1082 Budapest, Futó utca 35-37.","1082 Budapest, Futó utca 35-37.","1082 Budapest, Futó utca 35-37.","1082 Budapest, Futó utca 35-37.","1082 Budapest, Futó utca 35-37.","1082 Budapest, Futó utca 35-37.",
96994,Pannon Napilapok Betéti Társaság,,"8900 Zalaegerszeg, Ady E utca 60.","8200 Veszprém, Házgyári utca 12.",,,,,
91112,HírTV Műsorszolgáltató és Hirdetésszervező Zártkörűen Működő Részvénytársaság,"1033 Budapest, Szentendrei út 89-93.","1033 Budapest, Szentendrei út 89-93.","1033 Budapest, Szentendrei út 89-93.","1033 Budapest, Szentendrei út 89-93.","1033 Budapest, Szentendrei út 89-93.","1033 Budapest, Szentendrei út 89-93.","1033 Budapest, Szentendrei út 89-93.","1033 Budapest, Szentendrei út 89-93."
92565,Digital Media and Communications Közép-európai Kommunikációs Zártkörűen Működő Részvénytársaság,"1037 Budapest, Montevideo u 9.","1037 Budapest, Montevideo u 9.","1037 Budapest, Montevideo u 9.","1037 Budapest, Montevideo u 9.","1037 Budapest, Montevideo u 9.","1037 Budapest, Montevideo u 9.","1037 Budapest, Montevideo u 9.","1037 Budapest, Montevideo u 9."
92066,Magyar Idők Kiadó Korlátolt Felelősségű Társaság,"1033 Budapest, Polgár utca 8-10.","1033 Budapest, Polgár utca 8-10.","1033 Budapest, Flórián tér 1.","1033 Budapest, Flórián tér 1.","1036 Budapest, Perc utca 8. 2. em.","1097 Budapest, Könyves Kálmán körút 12-14.","1097 Budapest, Könyves Kálmán körút 12-14.","1097 Budapest, Könyves Kálmán körút 12-14."
90167,ATV Első Magyar Magántelevíziós Zártkörűen Működő Részvénytársaság,"1102 Budapest, Kőrösi Csoma Sándor út 31.","1102 Budapest, Kőrösi Csoma Sándor út 31.","1102 Budapest, Kőrösi Csoma Sándor út 31.","1102 Budapest, Kőrösi Csoma Sándor út 31.","1102 Budapest, Kőrösi Csoma Sándor út 31.","1102 Budapest, Kőrösi Csoma Sándor út 31.","1102 Budapest, Kőrösi Csoma Sándor út 31.","1102 Budapest, Kőrösi Csoma Sándor út 31."
91813,Marquard Média Magyarország Kiadó Korlátolt Felelősségű Társaság,"1033 Budapest, Hajógyári-sziget 213.","1031 Budapest, Záhony utca 7.","1031 Budapest, Záhony utca 7.","1031 Budapest, Záhony utca 7.","1031 Budapest, Záhony utca 7.","1031 Budapest, Záhony utca 7.","1031 Budapest, Záhony utca 7.","1031 Budapest, Záhony utca 7."
98205,AXN Magyaroszág Szolgáltató Korlátolt Felelősségű Társaság,"1062 Budapest, Teréz krt. 55-57.","1062 Budapest, Teréz krt. 55-57.","1062 Budapest, Teréz krt. 55-57.","1062 Budapest, Teréz krt. 55-57.","1062 Budapest, Teréz krt. 55-57.","1062 Budapest, Teréz krt. 55-57.","1062 Budapest, Teréz krt. 55-57.","1062 Budapest, Teréz krt. 55-57."
99392,Modern Media Group Befektetési és Vagyonkezelő Zártkörűen Működő Részvénytársaság,,,,,,"1036 Budapest, Perc utca 8. 2. em.","1036 Budapest, Perc utca 8. 2. em.","1036 Budapest, Perc utca 8. 2. em."
93152,Z+ Műsorszolgáltató Zártkörűen Működő Résztvénytársaság,"1113 Budapest, Bocskai út 134-146.",,,,,,,
93344,Index.hu Informatikai Zártkörűen Működő Részvénytársaság,"1033 Budapest, Flórián tér 1.","1033 Budapest, Flórián tér 1.","1033 Budapest, Flórián tér 1.","1033 Budapest, Flórián tér 1.","1033 Budapest, Flórián tér 1.","1033 Budapest, Flórián tér 1.","1033 Budapest, Flórián tér 1.","1033 Budapest, Flórián tér 1."
96789,Szuperinfó Média Hirdető és Lapterjesztő Korlátolt Felelősségű Társaság,,"4031 Debrecen, Balmazújvárosi út 11.","4031 Debrecen, Balmazújvárosi út 11.","4031 Debrecen, Balmazújvárosi út 11.","4031 Debrecen, Balmazújvárosi út 11.","4031 Debrecen, Balmazújvárosi út 11.","4031 Debrecen, Balmazújvárosi út 11.","4031 Debrecen, Balmazújvárosi út 11."
90181,Mediaworks Regionális Kiadó Korlátolt Felelősségű Társaság,"2800 Tatabánya, Fő tér 4.","2800 Tatabánya, Mártírok út 44.","2800 Tatabánya, Mártírok út 44.","2800 Tatabánya, Mártírok út 44.","1082 Budapest, Futó utca 35-37.","1082 Budapest, Futó utca 35-37.","1082 Budapest, Futó utca 35-37.",
98204,Viasat Hungária Szolgáltató Zártkörűen Működő Részvénytársaság,"1139 Budapest, Váci út 99. 1-2. ép.","1139 Budapest, Váci út 99. 1-2. ép.","1139 Budapest, Váci út 99. 1-2. ép.","1139 Budapest, Váci út 99. 1-2. ép.","1139 Budapest, Váci út 99. 1-2. ép.","1062 Budapest, Teréz körút 55-57, Eiffel Square. C. ép.","1062 Budapest, Teréz körút 55-57, Eiffel Square. C. ép.","1062 Budapest, Teréz körút 55-57, Eiffel Square. C. ép."
93414,Net Média Kiadó és Internet Tartalomszolgáltató Zártkörűen Működő Részvénytársaság,"1097 Budapest, Ecseri út 14-16.","1097 Budapest, Ecseri út 14-16.","1097 Budapest, Ecseri út 14-16.","1097 Budapest, Ecseri út 14-16.","1033 Budapest, Polgár utca 8-10.","1033 Budapest, Polgár utca 8-10.","1033 Budapest, Polgár utca 8-10.","1033 Budapest, Polgár utca 8-10."
90417,Chello Central Europe Műsorszolgáltató Zártkörűen Működő Részvénytársaság,"1139 Budapest, Lomb u 23-27.","1139 Budapest, Lomb u 23-27.","1139 Budapest, Lomb u 23-27.","1139 Budapest, Lomb u 23-27.","1139 Budapest, Lomb u 23-27.",,,
90938,Geomédia Kiadói Zártkörűen Működő Részvénytársaság,"1036 Budapest, Lajos utca 48-66.","1036 Budapest, Lajos utca 48-66.","1036 Budapest, Lajos utca 48-66.","1036 Budapest, Lajos utca 48-66.","1036 Budapest, Lajos utca 48-66.","1036 Budapest, Lajos utca 48-66.","1066 Budapest, Jókai utca 6.","1066 Budapest, Jókai utca 6."
91146,Hungaroplakát Reklám Korlátolt Felelősségű Társaság,"1139 Budapest, Fáy utca 20.","1139 Budapest, Fáy utca 20.","1139 Budapest, Fáy utca 20.","1139 Budapest, Fáy utca 20.","1139 Budapest, Fáy utca 20.","1139 Budapest, Fáy utca 20.","1139 Budapest, Fáy utca 20.","1139 Budapest, Fáy utca 20."
92081,Nemzet Lap- és Könyvkiadó Korlátolt Felelősségű Társaság,"1089 Budapest, Üllői út 102.","1089 Budapest, Üllői út 102.","1089 Budapest, Üllői út 102.","1089 Budapest, Üllői út 102.","1089 Budapest, Üllői út 102.","1089 Budapest, Üllői út 102.","1089 Budapest, Üllői út 102.","1089 Budapest, Üllői út 102."
92455,Sláger FM Hálózat Zártkörűen Működő Részvénytársaság,"1135 Budapest, Róbert Károly körút 82-84.","1135 Budapest, Róbert Károly körút 82-84.","1135 Budapest, Róbert Károly körút 82-84.","1135 Budapest, Róbert Károly körút 82-84.","1134 Budapest, Róbert Károly körút 82-84.","1134 Budapest, Róbert Károly körút 82-84.","1012 Budapest, Márvány utca 17.","1012 Budapest, Márvány utca 17."
99394,Ripost Média Szolgáltató és Kommunikációs Korlátolt Felelősságű Társaság,,,,,,"1033 Budapest, Kórház utca 6-12. 1. em.","1033 Budapest, Kórház utca 6-12. 1. em.","1033 Budapest, Kórház utca 6-12. 1. em."
92637,Spektrum-TV Közép-Európai Műsorkészítő Zártkörűen Működő Részvénytársaság,"1139 Budapest, Lomb utca 23-27.","1139 Budapest, Lomb utca 23-27.",,,,,,
90765,EMG Médiacsoport Korlátolt Felelősségű Társaság,"1036 Budapest, Lajos utca 74-76.","1036 Budapest, Lajos utca 74-76.","1036 Budapest, Lajos utca 74-76.","1037 Budapest, Bokor utca 1-3-5.","1012 Budapest, Logodi utca 49.","1012 Budapest, Logodi utca 49.","1012 Budapest, Logodi utca 49.","1012 Budapest, Logodi utca 49."
98886,Új Média és Teletext Szolgáltató Korlátolt Felelősségű Társaság,"1037 Budapest, Kunigunda útja 64.","1037 Budapest, Kunigunda útja 64.","1037 Budapest, Kunigunda útja 64.","1037 Budapest, Kunigunda útja 64.","1037 Budapest, Kunigunda útja 64.","1037 Budapest, Kunigunda útja 64.","1037 Budapest, Kunigunda útja 64.","1037 Budapest, Kunigunda útja 64."
92968,TV Paprika Műsorszolgáltató Zártkörűen Működő Részvénytársaság,"1139 Budapest, Lomb utca 23-27.","1139 Budapest, Lomb utca 23-27.",,,,,,
90648,"Echo Hungária TV Televíziózási, Kommunikációs és Szolgáltató Zártkörű Részvénytársaság","1145 Budapest, Törökőr u. 78.","1145 Budapest, Törökőr u. 78.","1145 Budapest, Törökőr u. 78.","1145 Budapest, Törökőr u. 78.","1145 Budapest, Törökőr u. 78.","1145 Budapest, Törökőr u. 78.","1145 Budapest, Törökőr u. 78.","1149 Budapest, Angol utca 65-69."
90439,COMEDY CENTRAL MAGYARORSZÁG Zártkörűen Működő Részvénytársaság,"1113 Budapest, Bocskai út 134-416.",,,,,,,
98206,Discovery Hungary Média Szolgáltató Korlátolt Felelősségű Társaság,"1133 Budapest, Váci út 76.","1133 Budapest, Váci út 76.","1133 Budapest, Váci út 76.","1133 Budapest, Váci út 76.","1133 Budapest, Váci út 76.","1133 Budapest, Váci út 76.","1133 Budapest, Váci út 76.","1132 Budapest, Váci út 22-24."
93510,Vas Népe Reklám-Propaganda és Kiadói Betéti Társaság,"9700 Szombathely, Széll Kálmán utca 40.","9700 Szombathely, Széll Kálmán utca 40.",,,,,,
91051,Hearst Central Kiadói Korlátolt Felelősségű Társaság,"1037 Budapest, Montevideo u 9.","1037 Budapest, Montevideo u 9.","1037 Budapest, Montevideo u 9.","1037 Budapest, Montevideo u 9.","1037 Budapest, Montevideo u 9.","1037 Budapest, Montevideo u 9.","1037 Budapest, Montevideo u 9.",
93165,Zalai Hírlap Kiadói Betéti Társaság,"8900 Zalaegerszeg, Ady E utca 62.","8900 Zalaegerszeg, Ady E utca 62.",,,,,,
91149,HVG ONLINE Internetes Fejlesztő Kereskedelmi Szolgáltató és Tanácsadó Zártkörűen Működő Részvénytársaság,"1037 Budapest, Montevideo utca 14.","1037 Budapest, Montevideo utca 14.","1037 Budapest, Montevideo utca 14.","1037 Budapest, Montevideo utca 14.","1037 Budapest, Montevideo utca 14.","1037 Budapest, Montevideo utca 14.","1037 Budapest, Montevideo utca 14.","1037 Budapest, Montevideo utca 14."
91105,Hírlap Press Kiadói Betéti Társaság,"8000 Székesfehérvár, Ady E utca 15.","8000 Székesfehérvár, Ady E utca 15.",,,,,,
92366,PONT Reklám Korlátolt Felelősségű Társaság,"1022 Budapest, Gárdonyi Géza utca 12.","1022 Budapest, Gárdonyi Géza utca 12.","1022 Budapest, Gárdonyi Géza utca 12.","1022 Budapest, Gárdonyi Géza utca 12.","1022 Budapest, Gárdonyi Géza utca 12.","1022 Budapest, Gárdonyi Géza utca 12.","1026 Budapest, Gárdonyi Géza utca 12.","1026 Budapest, Gárdonyi Géza utca 12."
98558,Palóc Média Korlátolt Felelősségű Társaság,,,"1154 Budapest, Szentmihályi út 32.","1154 Budapest, Szentmihályi út 32.","1154 Budapest, Szentmihályi út 32.","1152 Budapest, Szentmihályi út 131. Pólus Center. ép. Wall Street. lház. 21.","1152 Budapest, Szentmihályi út 131. Pólus Center. ép. Wall Street. lház. 21.","1152 Budapest, Szentmihályi út 131. Pólus Center. ép. Wall Street. lház. 21."
90400,Mobil Marketing Korlátolt Felelősségű Társaság,"1037 Budapest, Bokor utca 15-21. II. em. 32.","1036 Budapest, Lajos utca 74-76.","1055 Budapest, Szent István körút 21. fszt. 2.","1055 Budapest, Szent István körút 21. fszt. 2.","1055 Budapest, Szent István körút 21. fszt. 2.","1055 Budapest, Szent István körút 21. fszt. 2.",,
91661,MAGYAR HÍRLAP Kiadói Korlátolt Felelősségű Társaság,"1145 Budapest, Thököly út 105-107.","1145 Budapest, Thököly út 105-107.","1145 Budapest, Thököly út 105-107.","1145 Budapest, Thököly út 105-107.","1145 Budapest, Thököly út 105-107.","1145 Budapest, Thököly út 105-107.","1145 Budapest, Thököly út 105-107.","1145 Budapest, Thököly út 105-107."
91778,Mahír Cityposter Korlátolt Felelősségű Társaság,"1095 Budapest, Soroksári u. 121.","1095 Budapest, Soroksári u. 121.","1095 Budapest, Soroksári u. 121.","1095 Budapest, Soroksári u. 121.","1095 Budapest, Soroksári u. 121.","1095 Budapest, Soroksári u. 121.","1095 Budapest, Soroksári u. 121.","1095 Budapest, Soroksári u. 121."
92002,MTV Networks Magyarország Műsorszolgáltató Zártkörűen Működő Részvénytársaság,"1113 Budapest, Bocskai út 134-146.",,,,,,,
91459,Közép-Dunántúli Napló Kiadói Betéti Társaság,"8200 Veszprém, Almádi út 3.","8200 Veszprém, Almádi út 3.",,,,,,
93923,Tematik Kabel Kereskedelmi és Szolgáltató Korlátolt Felelősségű Társaság,"1012 Budapest, Márvány utca 17.","1012 Budapest, Márvány utca 17.","1012 Budapest, Márvány utca 17.","1012 Budapest, Márvány utca 17.","1012 Budapest, Márvány utca 17.","1012 Budapest, Márvány utca 17.","1012 Budapest, Márvány utca 17.","1012 Budapest, Márvány utca 17."
92881,Théma Lapkiadó Kereskedelmi és Szolgáltatási Korlátolt Felelősségű Társaság,"1106 Budapest, Jászberényi út 55.","1106 Budapest, Jászberényi út 55.","1106 Budapest, Jászberényi út 55.","1117 Budapest, Prielle Kornélia utca 4.","1117 Budapest, Prielle Kornélia utca 4.","1117 Budapest, Prielle Kornélia utca 4.","1117 Budapest, Prielle Kornélia utca 4.","1117 Budapest, Prielle Kornélia utca 4."
100157,Horizont Reklám Szervíz Szolgáltató Korlátolt Felelősségű Társaság,"1181 Budapest, Darus u 12.","1181 Budapest, Darus u 12.","1181 Budapest, Darus u 12.","1181 Budapest, Darus u 12.","1181 Budapest, Darus u 12.","1181 Budapest, Darus u 12.","1181 Budapest, Darus u 12.","1181 Budapest, Darus u 12."
99383,Mworks Print Zártkörűen Működő Részvénytársaság,"1082 Budapest, Futó utca 35-37.","1082 Budapest, Futó utca 35-37.","1082 Budapest, Futó utca 35-37.","1082 Budapest, Futó utca 35-37.","1082 Budapest, Futó utca 35-37.","1082 Budapest, Futó utca 35-37.","1082 Budapest, Futó utca 35-37.",
93140,"MediaCity Magyarország Kiadó, Kereskedelmi és Szolgáltató Korlátolt Felelősségű Társaság","1053 Budapest, Kecskeméti utca 5.","1053 Budapest, Kecskeméti utca 5.","1053 Budapest, Kecskeméti utca 5.","1053 Budapest, Kecskeméti utca 5.","1053 Budapest, Kecskeméti utca 5.","1053 Budapest, Kecskeméti utca 5.","1053 Budapest, Kecskeméti utca 5.","1053 Budapest, Kecskeméti utca 5."
90206,BAJA MARKETING Bajai Kommunikációs és Marketing Korlátolt Felelősségű Társaság,"6500 Baja, Szentháromság tér 11., (hrsz. 880/A/11.)","6500 Baja, Szentháromság tér 11., (hrsz. 880/A/11.)","6500 Baja, Szentháromság tér 11., (hrsz. 880/A/11.)","6500 Baja, Szentháromság tér 11., (hrsz. 880/A/11.)","6500 Baja, Szentháromság tér 11., (hrsz. 880/A/11.)","6500 Baja, Szentháromság tér 11., (hrsz. 880/A/11.)","6500 Baja, Szentháromság tér 3.","6500 Baja, Szentháromság tér 3."
92090,Népszabadság Kiadó és Nyomdaipari Zártkörűen Működő Részvénytársaság,"1034 Budapest, Bécsi út 122-124. Sz.","1034 Budapest, Bécsi út 122-124. Sz.","1034 Budapest, Bécsi út 122-124. sz.","1034 Budapest, Bécsi út 122-124. sz.","1034 Budapest, Bécsi út 122-124. sz.","1034 Budapest, Bécsi út 122-124. sz.","1034 Budapest, Bécsi út 122-124. sz.","1034 Budapest, Bécsi út 122-124. Sz."
91998,MTG Metro Gratis Kereskedelmi és Szolgáltató Korlátolt Felelősségű Társaság,"1134 Budapest, Tüzér utca 39-41. 2. em.","1138 Budapest, Madarász Viktor utca 47-49.","1138 Budapest, Madarász Viktor utca 47-49.","1138 Budapest, Madarász Viktor utca 47-49.","1138 Budapest, Madarász Viktor utca 47-49.","1138 Budapest, Madarász Viktor utca 47-49.","8900 Zalaegerszeg, Ady Endre utca 4. C. lház. 2. em. 5.","8900 Zalaegerszeg, Ady Endre utca 4. C. lház. 2. em. 5."
91084,Heti Válasz Lap- és Könyvkiadó Szolgáltató Korlátolt Felelősségű Társaság,"1027 Budapest, Horvát utca 14-24. V. em.","1027 Budapest, Horvát utca 14-24. V. em.","1027 Budapest, Horvát utca 14-24. V. em.","1027 Budapest, Horvát utca 14-24. V. em.","1027 Budapest, Horvát utca 14-24. V. em.","1027 Budapest, Horvát utca 14-24. V. em.","1027 Budapest, Horvát utca 14-24. V. em.","1027 Budapest, Horvát utca 14-24. V. em."
90780,EURO-AWK Budapest Reklámszervező Korlátolt Felelősségű Társaság,"1022 Budapest, Bég u. 3-5.","1022 Budapest, Bég u. 3-5.","1022 Budapest, Bég u. 3-5.","1022 Budapest, Bég u. 3-5.","1022 Budapest, Bég u. 3-5.","1024 Budapest, Lövőház utca 30.","1024 Budapest, Lövőház utca 30.","1027 Budapest, Horvát utca 14-24. 4. em."
96956,PRODO VOICE STUDIO Műsorszolgáltató Zártkörűen Működő Részvénytársaság,,"1013 Budapest, Attila út 6. félem 4.","1138 Budapest, Népfürdő utca 22. B. ép. 5. em.","1138 Budapest, Népfürdő utca 22. B. ép. 5. em.","1138 Budapest, Népfürdő utca 22. B. ép. 5. em.","1138 Budapest, Népfürdő utca 22. B. ép. 5. em.","1138 Budapest, Népfürdő utca 22. B. ép. 5. em.","1138 Budapest, Népfürdő utca 22. B. ép. 5. em."
93258,Russmedia Digital Szolgáltató Korlátolt Felelősségű Társaság,"4031 Debrecen, Balmazújvárosi út 11.","4031 Debrecen, Balmazújvárosi út 11.","4031 Debrecen, Balmazújvárosi út 11.","4031 Debrecen, Balmazújvárosi út 11.","4031 Debrecen, Balmazújvárosi út 11.","4031 Debrecen, Balmazújvárosi út 11.","4031 Debrecen, Balmazújvárosi út 11.","1138 Budapest, Madarász Viktor utca 47-49."
91842,"KözPont Újbudai Kulturális, Pedagógiai és Média Korlátolt Felelősségű Társaság","1114 Budapest, Szent Gellért tér 3.","1118 Budapest, Csikihegyek u. 13-15.","1118 Budapest, Csikihegyek u. 13-15.","1118 Budapest, Csikihegyek u. 13-15.","1113 Budapest, Zsombolyai utca 5.","1113 Budapest, Zsombolyai utca 5.","1113 Budapest, Zsombolyai utca 5.","1113 Budapest, Zsombolyai utca 5."
98486,Mediarey Hungary Services Korlátolt Felelősségű Társaság,,,,"1037 Budapest, Montevideo utca 2/b.","1037 Budapest, Montevideo utca 2/b.","1061 Budapest, Andrássy út 12.","1061 Budapest, Andrássy út 12.","1061 Budapest, Andrássy út 12."
92092,Népszava Lapkiadó Korlátolt Felelősségű Társaság,"1087 Budapest, Könyves Kálmán krt 76.","1087 Budapest, Könyves Kálmán krt 76.","1146 Budapest, Thököly út 127.","1146 Budapest, Thököly út 127.","1146 Budapest, Thököly út 127.","1146 Budapest, Thököly út 127.","1146 Budapest, Thököly út 127.","1146 Budapest, Thököly út 127."
93343,Inda-Labs Informatikai Szolgáltató Zárkörűen Működő Részvénytársaság,"1033 Budapest, Flórián tér 1.","1033 Budapest, Flórián tér 1.","1033 Budapest, Flórián tér 1.","1033 Budapest, Flórián tér 1.","1033 Budapest, Flórián tér 1.","1033 Budapest, Flórián tér 1.","1033 Budapest, Flórián tér 1.","1033 Budapest, Flórián tér 1."
98432,Magyar Jeti Zártkörűen Működő Részvénytársaság,,,,"2040 Budaörs, Tárogató utca 26.","2040 Budaörs, Tárogató utca 26.","1024 Budapest, Margit körút 5. B. ép.","1024 Budapest, Margit körút 5. B. ép.","1024 Budapest, Margit körút 5. B. ép."
91494,KROC Kereskedelmi és Szolgáltató Korlátolt Felelősségű Társaság,"1021 Budapest, Budakeszi út 51. D. ép.","1021 Budapest, Budakeszi út 51. D. ép.","1021 Budapest, Budakeszi út 51. D. ép.","1021 Budapest, Budakeszi út 51. D. ép.","1021 Budapest, Budakeszi út 51. D. ép.","1021 Budapest, Budakeszi út 51. D. ép.","1021 Budapest, Budakeszi út 51. D. ép.","1021 Budapest, Budakeszi út 51. D. ép."
91917,SZUPERINFÓ-KELET Hirdető és Lapterjesztő Korlátolt Felelősségű Társaság,"4031 Debrecen, Balmazújvárosi út 11.","4031 Debrecen, Balmazújvárosi út 11.",,,,,,
96991,Kurens Press Media Korlátolt Felelősségű Társaság,,"1015 Budapest, Hattyú utca 14.","1015 Budapest, Hattyú utca 14.","1015 Budapest, Hattyú utca 14.","9021 Győr, Újlak utca 4. A. ép.","9021 Győr, Újlak utca 4. A. ép.","9021 Győr, Újlak utca 4. A. ép.","1124 Budapest, Nagysalló utca 3. III. em. 1."
92712,Szegedi Rendezvény- és Médiaközpont Nonprofit Korlátolt Felelelősségű Társaság,"6721 Szeged, Felső-Tisza part 2.","6721 Szeged, Felső-Tisza part 2.","6721 Szeged, Felső-Tisza part 2.","6721 Szeged, Felső-Tisza part 2.","6721 Szeged, Felső-Tisza part 2.","6721 Szeged, Felső-Tisza part 2.","6721 Szeged, Felső-Tisza part 2.","6722 Szeged, Felső-Tisza part 2."
93186,ZÖLD ÚJSÁG Tömegkommunikációs és Kiadói Zártkörűen Működő Részvénytársaság,"2800 Tatabánya, Fő tér 4.","2800 Tatabánya, Mártírok út 44.","2800 Tatabánya, Mártírok út 44.","2800 Tatabánya, Mártírok út 44.","1082 Budapest, Futó utca 35-37.","1082 Budapest, Futó utca 35-37.","1082 Budapest, Futó utca 35-37.",
98179,Euronews Hungary Korlátolt Felelősségű Társaság,,,,"1051 Budapest, Széchenyi tér 7-8. B. ép. 5. em.","1051 Budapest, Széchenyi tér 7-8. B. ép. 5. em.","1051 Budapest, Széchenyi tér 7-8. B. ép. 5. em.","1051 Budapest, Széchenyi tér 7-8. B. ép. 5. em.","1051 Budapest, Széchenyi tér 7-8. B. ép. 5. em."
92807,SZUPERINFO MAGYARORSZÁG Országos Laphálózatszervező és Tanácsadó Korlátolt Felelősségű Társaság,"4031 Debrecen, Balmazújvárosi út 11.","4031 Debrecen, Balmazújvárosi út 11.",,,,,,
99855,Radio Plus Korlátolt Felelősségű Társaság,,,,,,"1051 Budapest, Vigadó utca 2.","1016 Budapest, Hegyalja út 7-13. IV. em.","1051 Budapest, Vigadó utca 2."
92443,Rádió 1 Rádióműsort Készítő és Közlő Korlátolt Felelősségű Társaság,"1016 Budapest, Mészáros","1016 Budapest, Mészáros","1016 Budapest, Mészáros","1016 Budapest, Mészáros","1012 Budapest, Márvány utca 17.","1012 Budapest, Márvány utca 17.","1012 Budapest, Márvány utca 17.","1012 Budapest, Márvány utca 17."
90779,Euro Publicity Kereskedelmi és Szolgáltató Korlátolt Felelősségű Társaság,"1022 Budapest, Bég utca 3-5.","1022 Budapest, Bég utca 3-5.","1022 Budapest, Bég utca 3-5.","1022 Budapest, Bég utca 3-5.","1022 Budapest, Bég utca 3-5.","1022 Budapest, Bég utca 3-5.","1022 Budapest, Bég utca 3-5.","1022 Budapest, Bég utca 3-5."
91186,INFORÁDIÓ Műsorszolgáltató Korlátolt Felelősségű Társaság,"1033 Budapest, Polgár utca 8-10.","1033 Budapest, Polgár utca 8-10.","1033 Budapest, Polgár utca 8-10.","1033 Budapest, Polgár utca 8-10.","1033 Budapest, Polgár utca 8-10.","1033 Budapest, Polgár utca 8-10.","1033 Budapest, Polgár utca 8-10.","1033 Budapest, Polgár utca 8-10."
91798,Maraton Lapcsoport-Multivizió Kiadói Korlátolt Felelősségű Társaság,"8200 Veszprém, Házgyári út 12.","8200 Veszprém, Házgyári út 12.","8200 Veszprém, Házgyári út 12.","8200 Veszprém, Házgyári út 12.","8200 Veszprém, Házgyári út 12.","8200 Veszprém, Házgyári út 12.","8200 Veszprém, Házgyári út 12.","8200 Veszprém, Házgyári út 12."
96100,"Krekk-Info Reklám, Terjesztési és Szolgáltató Nonprofit Korlátolt Felelősségű Társaság","4031 Debrecen, Balmazújvárosi út 11.","4031 Debrecen, Balmazújvárosi út 11.","4031 Debrecen, Balmazújvárosi út 11.","4031 Debrecen, Balmazújvárosi út 11.","4031 Debrecen, Balmazújvárosi út 11.","4031 Debrecen, Balmazújvárosi út 11.","4031 Debrecen, Balmazújvárosi út 11.","4031 Debrecen, Balmazújvárosi út 11."
92851,Telegráf Kiadó Korlátolt Felelősségű Társaság,"1023 Budapest, Bécsi út 3-5.","1023 Budapest, Bécsi út 3-5.","1023 Budapest, Bécsi út 3-5.","1023 Budapest, Bécsi út 3-5.","1023 Budapest, Bécsi út 3-5.","1023 Budapest, Bécsi út 3-5.","1037 Budapest, Bokor utca 1-3-5.","1037 Budapest, Bokor utca 1-3-5."
99582,Nouvelle Media Korlátolt Felelősségű Társaság,,,,,,"1134 Budapest, Dévai utca 26-28. 4. em.","1033 Budapest, Kórház utca 6-12.","1033 Budapest, Kórház utca 6-12."
99317,"Mobil Lap Kiadói, Kereskedelmi és Szolgáltató Korlátolt Felelősségű Társaság",,,,,"1133 Budapest, Gogol utca 26. 2. em. 1.","1133 Budapest, Gogol utca 26. 2. em. 1.","1133 Budapest, Gogol utca 26. 2. em. 1.","1133 Budapest, Gogol utca 26. 2. em. 1."
98539,Oxygen Group Kereskedelmi és Szolgáltató Korlátolt Felelősségű Társaság,"9024 Győr, Magyar u 9.","9024 Győr, Magyar u 9.","9094 Tápszentmiklós, Fő utca 38.","9094 Tápszentmiklós, Fő utca 38.","9094 Tápszentmiklós, Fő utca 38.","9023 Győr, Magyar utca 9.","9094 Tápszentmiklós, Fő utca 38.","1027 Budapest, Bem József utca 6. fszt."
99604,Karc FM Média Rádiós Médiaszolgáltatást Támogató és Reklám Korlátolt Felelősségű Társaság,,,"2030 Érd, Homoród utca 12.","2030 Érd, Homoród utca 12.","2030 Érd, Homoród utca 12.","2030 Érd, Homoród utca 12.","1097 Budapest, Könyves Kálmán körút 12-14.","1097 Budapest, Könyves Kálmán körút 12-14."
92259,PANNON PLAKÁT Reklám Korlátolt Felelősségű Társaság,"1122 Budapest, Ráth György utca 56.","1112 Budapest, Kékperje utca 6.","1112 Budapest, Kékperje utca 6.","1112 Budapest, Kékperje utca 6.","1112 Budapest, Kékperje utca 6.","1112 Budapest, Kékperje utca 6.","1112 Budapest, Kékperje utca 6.","1112 Budapest, Kékperje utca 6."
92368,POP Print és Online Piac Korlátolt Felelősségű Társaság,"4031 Debrecen, Balmazújvárosi út 11.","4031 Debrecen, Balmazújvárosi út 11.","4031 Debrecen, Balmazújvárosi út 11.","4031 Debrecen, Balmazújvárosi út 11.","4031 Debrecen, Balmazújvárosi út 11.","4031 Debrecen, Balmazújvárosi út 11.","4031 Debrecen, Balmazújvárosi út 11.","1138 Budapest, Madarász Viktor utca 47-49."
90828,Fehérvár Médiacentrum Korlátolt Felelősségű Társaság,"8000 Székesfehérvár, Jókai utca 15.","8000 Székesfehérvár, Jókai utca 15.","8000 Székesfehérvár, Szent Vendel utca 17/A.","8000 Székesfehérvár, Szent Vendel utca 17/A.","8000 Székesfehérvár, Szent Vendel utca 17/A.","8000 Székesfehérvár, Szent Vendel utca 17/A.","8000 Székesfehérvár, Szent Vendel utca 17/A.","8000 Székesfehérvár, Szent Vendel utca 17/A."
90518,Médiacentrum Debrecen Korlátolt Felelősségű Társaság,"4025 Debrecen, Petőfi tér 10. sz.","4025 Debrecen, Petőfi tér 10. sz.","4025 Debrecen, Petőfi tér 10. sz.","4025 Debrecen, Petőfi tér 10. sz.","4025 Debrecen, Petőfi tér 10. sz.","4025 Debrecen, Petőfi tér 10. sz.","4025 Debrecen, Petőfi tér 10. sz.","4025 Debrecen, Petőfi tér 10. sz."
98611,New Wave Production Informatikai Szolgáltató és Tanácsadó Korlátolt Felelősségű Társaság,,,,"1065 Budapest, Nagymező utca 54-56.","1065 Budapest, Nagymező utca 54-56.","1072 Budapest, Klauzál utca 30.","1072 Budapest, Klauzál utca 30.","1072 Budapest, Klauzál utca 30."
92324,Petőfi Lap- és Könyvkiadó Korlátolt Felelősségű Társaság,"6000 Kecskemét, Széchenyi krt 29.","6001 Kecskemét, Széchenyi krt 29.","6000 Kecskemét, Széchenyi krt 29.","6000 Kecskemét, Mindszenti körút 63.","6000 Kecskemét, Mindszenti körút 63.","6000 Kecskemét, Mindszenti körút 63.","6000 Kecskemét, Mindszenti körút 63.",
90030,A.M. HUNGARY Korlátolt Felelősségű Társaság,"1126 Budapest, Tóth Lőrinc utca 31.","1126 Budapest, Tóth Lőrinc utca 31.","1126 Budapest, Tóth Lőrinc utca 31.","1126 Budapest, Tóth Lőrinc utca 31.","1126 Budapest, Tóth Lőrinc utca 31.","1126 Budapest, Tóth Lőrinc utca 31.","1126 Budapest, Tóth Lőrinc utca 31.","1126 Budapest, Tóth Lőrinc utca 31."
95718,Bálintfy és Társai Ingatlanberuházó Zártkörűen Működő Részvénytársaság,"1121 Budapest, Kalóz utca 7.","1061 Budapest, Andrássy út 2.","1061 Budapest, Andrássy út 2.","1061 Budapest, Andrássy út 2.","1061 Budapest, Andrássy út 2.","1061 Budapest, Andrássy út 2.","1061 Budapest, Andrássy út 2.","1061 Budapest, Andrássy út 2."
92990,Újpesti Sajtó Szolgáltató Nonprofit Korlátolt Felelősségű Társaság,"1043 Budapest, Tavasz utca 4.","1043 Budapest, Tavasz utca 4.","1043 Budapest, Tavasz utca 4.","1043 Budapest, Tavasz utca 4.","1043 Budapest, Tavasz utca 4.","1043 Budapest, Tavasz utca 4.","1043 Budapest, Tavasz utca 4.","1043 Budapest, Tavasz utca 4."
92510,GYŐR+MÉDIA Zártkörűen Működő Részvénytársaság,"9023 Győr, Vasvári P utca 1.","9023 Győr, Vasvári P utca 1.","9023 Győr, Vasvári P utca 1.","9023 Győr, Kodály Zoltán utca 32/A.","9023 Győr, Kodály Zoltán utca 32/A.","9023 Győr, Kodály Zoltán utca 32/A.","9023 Győr, Kodály Zoltán utca 32/A.","9023 Győr, Vasvári P utca 1."
90866,Filmmúzeum Műsorszolgáltató Zártkörűen Működő Részvénytársaság,"1139 Budapest, Lomb u. 23-27.","1139 Budapest, Lomb u. 23-27.",,,,,,
99814,Insider Media Lapkiadó Korlátolt Felelősségű Társaság,,,,,,"1203 Budapest, Vízisport utca 23. B. ép.","1203 Budapest, Vízisport utca 23. B. ép.","1012 Budapest, Márvány utca 17. 5. em."
90878,FM1 Kommunikációs és Kulturális Zártkörűen Működő Részvénytársaság,"1036 Budapest, Lajos utca 74-76.","1025 Budapest, Csévi utca 7. b. ép.","1071 Budapest, Dózsa György út 80. 3. em. 1.","1071 Budapest, Dózsa György út 80. 3. em. 1.","1071 Budapest, Dózsa György út 80. 3. em. 1.","1143 Budapest, Besnyői utca 13. 1. em.","1143 Budapest, Besnyői utca 13. 1. em.",
92093,Népújság Korlátolt Felelősségű Társaság Békéscsaba,"5600 Békéscsaba, Kiss Ernő utca 3.","5600 Békéscsaba, Kiss Ernő utca 3.","5600 Békéscsaba, Kiss Ernő utca 3.","5600 Békéscsaba, Kiss Ernő utca 3.","5600 Békéscsaba, Kiss Ernő utca 3.","5600 Békéscsaba, Kiss Ernő utca 3.","5600 Békéscsaba, Kiss Ernő utca 3.",
96037,STRINGONIUM PRESS Kiadó és Szolgáltató Korlátolt Felelősségű Társaság,"1061 Budapest, Andrássy út 14.","1064 Budapest, Vörösmarty utca 45. fszt. üzlet.","1064 Budapest, Vörösmarty utca 45. fszt. üzlet.","1064 Budapest, Vörösmarty utca 45. fszt. üzlet.","1064 Budapest, Vörösmarty utca 45. fszt. üzlet.","1064 Budapest, Vörösmarty utca 45. fszt. üzlet.","1064 Budapest, Vörösmarty utca 45. fszt. üzlet.",
93039,VÁROS-KÉP Szolgáltató Nonprofit Korlátolt Felelősségű Társaság,"4400 Nyíregyháza, Szabadság tér 9.","4400 Nyíregyháza, Szabadság tér 9.","4400 Nyíregyháza, Szabadság tér 9.","4400 Nyíregyháza, Szabadság tér 9.","4400 Nyíregyháza, Szabadság tér 9.","4400 Nyíregyháza, Szabadság tér 9.","4400 Nyíregyháza, Szabadság tér 9.","4400 Nyíregyháza, Szabadság tér 9."
96449,Alföld Kamera Debrecen Szolgáltató Korlátolt Felelősségű Társaság,"4029 Debrecen, Csapó utca 30. IV. em.","4029 Debrecen, Csapó utca 30. IV. em.","4029 Debrecen, Csapó utca 30. IV. em.","4029 Debrecen, Csapó utca 30. IV. em.","4029 Debrecen, Csapó utca 30. IV. em.","4029 Debrecen, Csapó utca 30. IV. em.","4029 Debrecen, Csapó utca 30. IV. em.","4029 Debrecen, Csapó utca 30. IV. em."
98666,Mediaworks Magazines Kiadó Korlátolt Felelősségű Társaság,,,,,"1082 Budapest, Futó utca 35-37.","1082 Budapest, Futó utca 35-37.","1082 Budapest, Futó utca 35-37.",
97116,Absolut Media Zártkörűen Működő ,,"1075 Budapest, (Madách Trade Center)Madách Imre út 13-14. A. ép. 8. em.","1075 Budapest, (Madách Trade Center)Madách Imre út 13-14. A. ép. 8. em.","1075 Budapest, (Madách Trade Center)Madách Imre út 13-14. A. ép. 8. em.","1075 Budapest, (Madách Trade Center)Madách Imre út 13-14. A. ép. 8. em.","1075 Budapest, (Madách Trade Center)Madách Imre út 13-14. A. ép. 8. em.","1075 Budapest, (Madách Trade Center)Madách Imre út 13-14. A. ép. 8. em.","1056 Budapest, Váci utca 81. IV. em."
96270,www.Napi.hu Online Internetes és Információs Szolgáltató Korlátolt Felelősségű Társaság,"1033 Budapest, Polgár utca 8-10.","1033 Budapest, Polgár utca 8-10.","1033 Budapest, Flórián tér 1.","1033 Budapest, Flórián tér 1.","1033 Budapest, Flórián tér 1.","1033 Budapest, Flórián tér 1.","1033 Budapest, Flórián tér 1.","1033 Budapest, Flórián tér 1."
92115,Nógrádi Média Kiadói Korlátolt Felelősségű Társaság,"3100 Salgótarján, Alkotmány út 9.","3101 Salgótarján, Alkotmány út 9.","3100 Salgótarján, Alkotmány út 9.","3046 Kisbágyon, Rákóczi utca 4.","3046 Kisbágyon, Rákóczi utca 4.","3046 Kisbágyon, Rákóczi utca 4.","3046 Kisbágyon, Rákóczi utca 4.",
99819,Napiüzlet Média Kereskedelmi és Szolgáltató Korlátolt Felelősségű Társaság,,,,,"1111 Budapest, Budafoki út 3. 4. em. 1.","1111 Budapest, Budafoki út 3. 4. em. 1.","1053 Budapest, Szép utca 5. 1. em. 3.","1053 Budapest, Szép utca 5. 1. em. 3."
91753,Magyarnarancs.hu Lapkiadó Korlátolt Felelősségű Társaság,"1016 Budapest, Naphegy tér 8. 3. em. 328.","1016 Budapest, Naphegy tér 8. 3. em. 328.","1094 Budapest, Páva utca 8. 5. em.","1094 Budapest, Páva utca 8. 5. em.","1094 Budapest, Páva utca 8. 5. em.","1094 Budapest, Páva utca 8. 5. em.","1094 Budapest, Páva utca 8. 5. em.","1094 Budapest, Páva utca 8. 5. em."
90598,Domino Tv Műsorszolgáltató Zártkörűen működő Részvénytársaság,"1065 Budapest, Nagymező u 3.","1065 Budapest, Nagymező u 3.","1065 Budapest, Nagymező u 3.","1065 Budapest, Nagymező u 3.","1065 Budapest, Nagymező u 3.","1065 Budapest, Nagymező u 3.","1065 Budapest, Nagymező u 3.","1115 Budapest, Keveháza utca 1-3."
90621,Duna Médiaszolgáltató Nonprofit Zártkörűen Működő Részvénytársaság,"1016 Budapest, Mészáros u 48.","1016 Budapest, Naphegy tér 8. 2. em.","1016 Budapest, Naphegy tér 8. 2. em.","1016 Budapest, Naphegy tér 8. 2. em.","1016 Budapest, Naphegy tér 8. 2. em.","1016 Budapest, Naphegy tér 8. 2. em.","1016 Budapest, Naphegy tér 8. 2. em.","1016 Budapest, Naphegy tér 8. 2. em."
91920,MIKOM Miskolci Kommunikációs Nonprofit Korlátolt Felelősségű Társaság,"3525 Miskolc, Kis-Hunyad u 9.","3525 Miskolc, Kis-Hunyad u 9.","3525 Miskolc, Kis-Hunyad u 9.","3525 Miskolc, Kis-Hunyad u 9.","3525 Miskolc, Kis-Hunyad u 9.","3525 Miskolc, Kis-Hunyad u 9.","3525 Miskolc, Kis-Hunyad u 9.","3525 Miskolc, Kis-Hunyad u 9."
94768,Média-Hatvan Nonprofit Közhasznú Korlátolt Felelősségű Társaság,"3000 Hatvan, Madách u. 12.","3000 Hatvan, Madách u. 12.","3000 Hatvan, Madách u. 12.","3000 Hatvan, Madách u. 12.","3000 Hatvan, Madách u. 12.","3000 Hatvan, Madách u. 12.","3000 Hatvan, Madách u. 12.","3000 Hatvan, Kossuth tér 2."
92645,SPRINT Kereskedelmi és Szolgáltató Korlátolt Felel ősségű Társaság,"1137 Budapest, Újpesti Rakpart 7.","1137 Budapest, Újpesti rakpart 7.","1137 Budapest, Újpesti rakpart 7.","1137 Budapest, Újpesti rakpart 7.","1137 Budapest, Újpesti rakpart 7.","1137 Budapest, Újpesti rakpart 7.","1137 Budapest, Újpesti rakpart 7.","1137 Budapest, Újpesti Rakpart 7."
91177,IMPRESS-RÉGIÓ Kiadó és Szolgáltató Korlátolt Felelősségű Társaság,"1052 Budapest, Váci utca 18. IV. em. 2-3.","1052 Budapest, Váci utca 18. IV. em. 2-3.","1052 Budapest, Váci utca 18. IV. em. 2-3.","1052 Budapest, Váci utca 18. IV. em. 2-3.","1052 Budapest, Váci utca 18. IV. em. 2-3.","1052 Budapest, Váci utca 18. IV. em. 2-3.","1052 Budapest, Váci utca 18. II. em. 3.","1052 Budapest, Váci utca 18. II. em. 3."
90759,Erzsébetvárosi Média Nonprofit Korlátolt Felelősségű Társaság,"1077 Budapest, Wesselényi utca 17.","1077 Budapest, Wesselényi utca 17.","1077 Budapest, Wesselényi utca 17.","1077 Budapest, Wesselényi utca 17.","1077 Budapest, Wesselényi utca 17.","1077 Budapest, Wesselényi utca 17.","1077 Budapest, Wesselényi utca 17.","1077 Budapest, Wesselényi utca 17."
92292,Pécsi Kommunikációs Központ Korlátolt Felelősségű Társaság,"7621 Pécs, Rákóczi út 11.","7622 Pécs, Rákóczi út 11.","7621 Pécs, Rákóczi út 11.","7621 Pécs, Király utca 27.","7621 Pécs, Király utca 27.","7621 Pécs, Király utca 27.","7621 Pécs, Király utca 27.","7621 Pécs, Rákóczi út 11."
98812,Színesászmédia Kereskedelmi és Szolgáltató Korlátolt Felelősségű Társaság,,,,,"1065 Budapest, Bajcsy Zsilinszky út 19. b. ép. 2. em. 3.","1065 Budapest, Bajcsy Zsilinszky út 19. b. ép. 2. em. 3.","1146 Budapest, Hungária körút 140-144.","1146 Budapest, Hungária körút 140-144."
90339,"Budai Polgár Kiadó, Tájékoztató és Kulturális Közhasznú Nonprofit Korlátolt Felelősségű Társaság","1022 Budapest, Bimbó út 1-5.","1022 Budapest, Bimbó út 1-5.","1022 Budapest, Bimbó út 1-5.","1022 Budapest, Bimbó út 1-5. A. lház. fszt.","1022 Budapest, Bimbó út 1-5. A. lház. fszt.","1022 Budapest, Bimbó út 1-5. A. lház. fszt.","1022 Budapest, Bimbó út 1-5. A. lház. fszt.","1022 Budapest, Bimbó út 1-5. A. lház. fszt."
90772,EHÍR Esztergomi Hirdető Korlátolt Felelősségű Társaság,"2500 Esztergom, Deák Ferenc utca 4.","2500 Esztergom, Deák Ferenc utca 4.","2500 Esztergom, Deák Ferenc utca 4.","2500 Esztergom, Deák Ferenc utca 4.","2500 Esztergom, Deák Ferenc utca 4.","2500 Esztergom, Deák Ferenc utca 4.","2500 Esztergom, Deák Ferenc utca 4.","2500 Esztergom, Deák Ferenc utca 4."
92180,Oroszlányi Televízió Korlátolt Felelősségű Társaság,"2840 Oroszlány, Rákóczi Ferenc u. 78.","2840 Oroszlány, Rákóczi Ferenc u. 78.","2840 Oroszlány, Rákóczi Ferenc u. 78.","2840 Oroszlány, Rákóczi Ferenc u. 78.","2840 Oroszlány, Rákóczi Ferenc u. 78.","2840 Oroszlány, Rákóczi Ferenc u. 78.","2840 Oroszlány, Rákóczi Ferenc u. 78.","2840 Oroszlány, Rákóczi Ferenc u. 78."
96941,Zselici Forrás Szolgáltató Korlátolt Felelősségű Társaság,"7400 Kaposvár, Streith Miklós utca 6.","7400 Kaposvár, Streith Miklós utca 6.","7400 Kaposvár, Streith Miklós utca 6.","7400 Kaposvár, Teleki utca 11. 1. em. 3.","7400 Kaposvár, Teleki utca 11. 1. em. 3.","7400 Kaposvár, Teleki utca 11. 1. em. 3.","7400 Kaposvár, Teleki utca 11. 1. em. 3.","7400 Kaposvár, Teleki utca 11. 1. em. 3."
97854,Helikon Infó Informatikai és Szolgáltató Korlátolt Felelősségű Társaság,"8315 Gyenesdiás, Kisfaludy utca 4.","8315 Gyenesdiás, Kisfaludy utca 4.","8315 Gyenesdiás, Kisfaludy utca 4.","8315 Gyenesdiás, Kisfaludy utca 4.","8315 Gyenesdiás, Kisfaludy utca 4.","8315 Gyenesdiás, Kisfaludy utca 4.","8315 Gyenesdiás, Kisfaludy utca 4.","8315 Gyenesdiás, Kisfaludy utca 4."
91208,IRODALOM Lap és Könyvkiadó Kulturális Szolgáltató Korlátolt Felelőségű Társaság,"1089 Budapest, Rezső tér u. 15. sz.","1089 Budapest, Rezső tér u. 15. sz.","1089 Budapest, Rezső tér u. 15. sz.","1089 Budapest, Rezső tér u. 15. sz.","1089 Budapest, Rezső tér u. 15. sz.","1089 Budapest, Rezső tér u. 15. sz.","1089 Budapest, Rezső tér u. 15. sz.","1089 Budapest, Rezső tér u. 15. sz."
98384,Epicenter Market Hungary Kereskedelmi és Szolgáltató Korlátolt Felelősségű Társaság,,,,"1023 Budapest, Margit utca 25.","1023 Budapest, Margit utca 25.","1054 Budapest, Honvéd utca 8. 1. em. 2.","1054 Budapest, Honvéd utca 8. 1. em. 2.",
91108,Hírös Modul Szuperinfó Korlátolt Felelősségű Társaság,"6000 Kecskemét, Kőhíd u 12-14.","6000 Kecskemét, Kőhíd u 12-14.","6000 Kecskemét, Kőhíd u 12-14.","6000 Kecskemét, Kőhíd utca 17.","6000 Kecskemét, Kőhíd utca 17.","6000 Kecskemét, Kőhíd utca 17.","6000 Kecskemét, Kőhíd utca 17.","6000 Kecskemét, Kőhíd u 12-14."
90955,"GONG RÁDIÓ Információs, Kereskedelmi és Szolgáltató Korlátolt Felelősségű Társaság","6000 Kecskemét, Petőfi S u 1/b.","6000 Kecskemét, Petőfi S u 1/b.","6000 Kecskemét, Petőfi S u 1/b.","6000 Kecskemét, Petőfi S u 1/b.","6000 Kecskemét, Petőfi S u 1/b.","6000 Kecskemét, Petőfi S u 1/b.","6000 Kecskemét, Petőfi S u 1/b.","6000 Kecskemét, Petőfi S u 1/b."
90043,Absolut Media Szolgáltató és Kereskedelmi Korlátolt Felelősségű Társaság,"1022 Budapest, Alsó Törökvész út 9.","1075 Budapest, Madách Imre (Madách Trade Center) út 13-14. A. ép. 8. ",,,,,,
97112,Palóc Press Korlátolt Felelősségű Társaság,,,"1154 Budapest, Szentmihályi út 32.","1154 Budapest, Szentmihályi út 32.","1184 Budapest, Aranyeső utca 8.","1184 Budapest, Aranyeső utca 8.","1184 Budapest, Aranyeső utca 8.","1184 Budapest, Aranyeső utca 8."
92513,RF-HOBBY Lapkiadó Korlátolt Felelősségű Társaság,"1046 Budapest, Kiss Ernő u. 1-3.","1046 Budapest, Kiss Ernő u. 1-3.","1046 Budapest, Kiss Ernő u. 1-3.","1046 Budapest, Újkisház utca 53.","1046 Budapest, Újkisház utca 53.","1046 Budapest, Újkisház utca 53.","1072 Budapest, Rákóczi út 42.","1072 Budapest, Rákóczi út 42."
91040,Haszon Lapkiadó Korlátolt Felelősségű Társaság,"1036 Budapest, Bécsi út 57-59.","1036 Budapest, Lajos utca 78. 2. em.","1036 Budapest, Lajos utca 78. 2. em.","1036 Budapest, Lajos utca 78. 2. em.","1036 Budapest, Lajos utca 78. 2. em.","1036 Budapest, Lajos utca 78. 2. em.","1036 Budapest, Lajos utca 78. 2. em.","1036 Budapest, Lajos utca 78. 2. em."
92015,MŰSOR-HANG Műsorszolgáltató Zártkörűen Működő Részvénytársaság,"1133 Budapest, Váci út 78/b.","1133 Budapest, Váci út 78/b.","1133 Budapest, Váci út 78/B.","1133 Budapest, Váci út 78/B.","1133 Budapest, Váci út 78/B.","1133 Budapest, Váci út 78/B.","1133 Budapest, Váci út 78/B.","1133 Budapest, Váci út 78/b."
98288,Direct Media Agency Reklám és Kiadó Korlátolt Felelősségű Társaság,,"9023 Győr, Tihanyi Árpád u 10. B. ép. I. em. 15.","9023 Győr, Tihanyi Árpád u 10. B. ép. I. em. 15.","9023 Győr, Tihanyi Árpád u 10. B. ép. I. em. 15.","9023 Győr, Tihanyi Árpád u 10. B. ép. I. em. 15.","9023 Győr, Tihanyi Árpád u 10. B. ép. I. em. 15.","9023 Győr, Tihanyi Árpád u 10. B. ép. I. em. 15.","9023 Győr, Tihanyi Árpád u 10. B. ép. I. em. 15."
99393,Nógrád Hírcentrum Korlátolt Felelősségű Társaság,,,,,"3100 Salgótarján, Kassai sor 4. mfsz 59.","3100 Salgótarján, Kassai sor 4. mfsz 59.","3100 Salgótarján, Erzsébet tér 6. II. em.","3100 Salgótarján, Erzsébet tér 6. II. em."
91679,MKIK Szolgáltató Nonprofit Korlátolt Felelősségű Társaság,"1055 Budapest, Kossuth Lajos tér 6-8.","1055 Budapest, Kossuth Lajos tér 6-8.","1055 Budapest, Kossuth Lajos tér 6-8.","1054 Budapest, Szabadság tér 7.","1054 Budapest, Szabadság tér 7.","1054 Budapest, Szabadság tér 7.","1054 Budapest, Szabadság tér 7.","1054 Budapest, Szabadság tér 7."
91541,LÁNCHÍD RÁDIÓ Műsorszolgáltató Korlátolt Felelősségű Társaság,"1089 Budapest, Üllői út 102.","1089 Budapest, Üllői út 102.","1089 Budapest, Üllői út 102.","1089 Budapest, Üllői út 102.","1089 Budapest, Üllői út 102.","1089 Budapest, Üllői út 102.","1089 Budapest, Üllői út 102.","1089 Budapest, Üllői út 102."
96351,Mátra Centrum Korlátolt Felelősségű Társaság,"3261 Pálosvörösmart, Hagyóka utca 1.","3261 Pálosvörösmart, Hagyóka utca 1.","3261 Pálosvörösmart, Hagyóka utca 1.","3261 Pálosvörösmart, Hagyóka út 1.","3261 Pálosvörösmart, Hagyóka út 1.","3261 Pálosvörösmart, Hagyóka út 1.","3300 Eger, Csákány utca 1.","3300 Eger, Csákány utca 1."
97373,SZUPERINFÓ DÉL-KELET MÉDIA Korlátolt Felelősségű Társaság,"4031 Debrecen, Balmazújvárosi út 11.","4031 Debrecen, Balmazújvárosi út 11.","4031 Debrecen, Balmazújvárosi út 11.","4031 Debrecen, Balmazújvárosi út 11.","4031 Debrecen, Balmazújvárosi út 11.","4031 Debrecen, Balmazújvárosi út 11.","4031 Debrecen, Balmazújvárosi út 11.","4031 Debrecen, Balmazújvárosi út 11."
92333,Piac és Profit Kiadó Korlátolt Felelősségű Társaság,"1134 Budapest, Dózsa György út 144.","1134 Budapest, Dózsa György út 144.","1134 Budapest, Dózsa György út 144.","1152 Budapest, Szentmihályi út 171. III. em. 3.11.","1152 Budapest, Szentmihályi út 171. III. em. 3.11.","1152 Budapest, Szentmihályi út 171. III. em. 3.11.","1152 Budapest, Szentmihályi út 171. III. em. 3.11.","1152 Budapest, Szentmihályi út 171. III. em. 3.11."
91029,Hálózatos Televíziók Zártkörűen Működő Részvénytársaság,"1115 Budapest, Bartók Béla út 152. 1. ép.","1115 Budapest, Bartók Béla út 152. 1. ép.","1115 Budapest, Bartók Béla út 152. 1. ép.","1115 Budapest, Bartók Béla út 152. 1. ép.","1115 Budapest, Bartók Béla út 152. 1. ép.","1115 Budapest, Bartók Béla út 152. 1. ép.","1115 Budapest, Bartók Béla út 152. 1. ép.",
92263,PANNON-SOPRON Regionális TV Műsorgyártó és Szolgáltató Korlátolt Felelősségű Társaság,"9400 Sopron, Liszt F u 1.","9400 Sopron, Liszt F u 1.","9400 Sopron, Liszt F u 1.","9400 Sopron, Liszt F u 1.","9400 Sopron, Liszt F u 1.","9400 Sopron, Liszt F u 1.","9400 Sopron, Liszt F u 1.","9400 Sopron, Liszt F u 1."
95732,Kredit Holding Tömegkommunikációs és Szolgáltató Korlátolt Felelősségű Társaság,"4033 Debrecen, Veres P utca 31.","4033 Debrecen, Veres P utca 31.","4033 Debrecen, Veres P utca 31.","4026 Debrecen, Darabos utca 35.","4026 Debrecen, Darabos utca 35.","4026 Debrecen, Darabos utca 35.","4026 Debrecen, Darabos utca 35.","4026 Debrecen, Darabos utca 35."
93439,Opt Ügynöki Korlátolt Felelősségű Társaság,"1053 Budapest, Szép u. 3. 1. em. 3.","1037 Budapest, Bojtár utca 64-66.","1037 Budapest, Bojtár utca 64-66.","1037 Budapest, Bojtár utca 64-66.","1037 Budapest, Bojtár utca 64-66.","1037 Budapest, Bojtár utca 64-66.",,
92287,Pax Televízió Műsorszolgáltató Zártkörűen Működő Részvénytársaság,"1033 Budapest, Bogdáni út 1.","1033 Budapest, Bogdáni út 1.","1033 Budapest, Bogdáni út 1.","1033 Budapest, Bogdáni út 1.","1033 Budapest, Bogdáni út 1.","1033 Budapest, Bogdáni út 1.","1033 Budapest, Bogdáni út 1.","1033 Budapest, Bogdáni út 1."
96716,Zuglói Médiaszolgáltató Korlátolt felelősségű társaság,,"1145 Budapest, Pétervárad utca 11.-17.","1144 Budapest, Vezér utca 28. B. ép.","1144 Budapest, Vezér utca 28. B. ép.","1144 Budapest, Vezér utca 28. B. ép.","1144 Budapest, Vezér utca 28. B. ép.","1144 Budapest, Vezér utca 28. B. ép.",
91860,MEDIACONTACT KÖZTERÜLET Reklámügynökség Korlátolt Felelősségű Társaság,"1021 Budapest, Hűvösvölgyi út 54. VI. ép. fsz.","1021 Budapest, Hűvösvölgyi út 54. VI. ép. fsz.","1021 Budapest, Hűvösvölgyi út 54. VI. ép. fsz.","1021 Budapest, Hűvösvölgyi út 54. VI. ép. fsz.","1021 Budapest, Hűvösvölgyi út 54. VI. ép. fsz.","1024 Budapest, Ady Endre utca 19.","1024 Budapest, Ady Endre utca 19.","1024 Budapest, Ady Endre utca 19."
91824,Tiszapart Média Szolgáltató és Tanácsadó Korlátolt Felelősségű Társaság,"6756 Tiszasziget, Fűzfa u 7.","6756 Tiszasziget, Fűzfa u 7.","6725 Szeged, Szent Ferenc utca 8. C. ép. I. em. 6.","1141 Budapest, Komócsy utca 11-13. B. lház. 1. em. 6.","1141 Budapest, Komócsy utca 11-13. B. lház. 1. em. 6.","1093 Budapest, Gönczy Pál utca 2. 1. em. 2.","6725 Szeged, Szent Ferenc utca 8. C. ép. 1. em. 6.","6725 Szeged, Szent Ferenc utca 8. C. ép. 1. em. 6."
93544,Karmapa Korlátolt Felelősségű Társaság,"1188 Budapest, Ametiszt utca 32. A. ép.","1152 Budapest, Szőcs Áron utca 2-4. A. ép. fszt. 001.","1152 Budapest, Szőcs Áron utca 2-4. A. ép. fszt. 001.","1152 Budapest, Szőcs Áron utca 2-4. A. ép. fszt. 001.","1152 Budapest, Szőcs Áron utca 2-4. A. ép. fszt. 001.","1016 Budapest, Bérc utca 1. 9.","1027 Budapest, Kacsa utca 15-23.","1092 Budapest, Ráday utca 9. fszt. 8."
92754,Szentgotthárd Városi Televízió és Kábelüzemeltető Nonprofit Korlátolt Felelősségű Társaság,"9970 Szentgotthárd, Széll K tér 6.","9970 Szentgotthárd, Széll K tér 6.","9970 Szentgotthárd, Széll K tér 6.","9970 Szentgotthárd, Széll K tér 6.","9970 Szentgotthárd, Széll K tér 6.","9970 Szentgotthárd, Széll K tér 6.","9970 Szentgotthárd, Széll K tér 6.","9970 Szentgotthárd, Széll K tér 6."
91401,Klubrádió Szolgáltató Zártkörűen Működő Részvénytársaság,"1037 Budapest, Bokor u 1-3-5.","1037 Budapest, Bokor u 1-3-5.","1037 Budapest, Bokor u 1-3-5.","1037 Budapest, Bokor u 1-3-5.","1037 Budapest, Bokor u 1-3-5.","1037 Budapest, Bokor u 1-3-5.","1037 Budapest, Bokor u 1-3-5.","1037 Budapest, Bokor u 1-3-5."
91738,Magyar Televízió Nonprofit Zártkörűen Működő Részvénytársaság,"1037 Budapest, Kunigunda útja 64.","1037 Budapest, Kunigunda útja 64.","1037 Budapest, Kunigunda útja 64.","1016 Budapest, Naphegy tér 8.","1016 Budapest, Naphegy tér 8.","1016 Budapest, Naphegy tér 8.",,
91719,Magyar Rádió Nonprofit Zártkörűen Működő Részvénytársaság,"1088 Budapest, Bródy S. u. 5-7.","1088 Budapest, Bródy S. u. 5-7.","1016 Budapest, Naphegy tér 8.","1016 Budapest, Naphegy tér 8.","1016 Budapest, Naphegy tér 8.","1016 Budapest, Naphegy tér 8.",,
999999,Egyéb üzemeltető,,,,,,,,
100216,Média Centrum Kommunikációs és Szolgáltató Korlátolt Felelősségű Társaság,,,,,,,,"3525 Miskolc, Széchenyi utca 46. 1. em. 5."
100307,Business Publishing Services Kiadói Korlátolt Felelősségű Társaság,,,,,,,,"1075 Budapest, Madách Imre (Madách Trade Center) út 13-14. A. ép. 8. em."
100180,K4A Lapkiadó Korlátolt Felelősségű Társaság,,,,,,,"1033 Budapest, Polgár utca 8-10.","1033 Budapest, Polgár utca 8-10."
100584,Adboard Korlátolt Felelősségű Társaság,,,,,,,,"1024 Budapest, Lövőház utca 30."
100200,XXI. Század Média Korlátolt Felelősségű Társaság,,,,,,,"1066 Budapest, Jókai utca 6.","1066 Budapest, Jókai utca 6."
100410,TV2 Média Csoport Zártkörűen Működő Részvénytársaság,,,,,,,,"1145 Budapest, Róna utca 174."
99538,Viacom International Hungary Korlátolt Felelősségű Társaság,,,,,,,,"1113 Budapest, Bocskai út 134-146."
16895198,,,,,,,,,
